#Day Of Year:,254
#Event Date:,09/10/2020 08:35:43
#Original NetCDF file:,ORGLM-L2-LCFAG17s20202540835400e20202540836000c20202540836027.nc
#Platform:,G17
#Satellite (lat/lon/height):,0.0 / -137.199997 / 35786.02km
#Event Info:,
#Description:,
#Date Archived:,09/15/2020 19:01:28
#URL:,https://neo-bolide.ndc.nasa.gov
 
time (ms),longitude,latitude,energy (joules)
1599726943414,-149.01345825195312,33.63361358642578,2.284909941687355e-15
1599726943419,-149.01345825195312,33.63358688354492,2.284909941687355e-15
1599726943421,-149.013427734375,33.6335563659668,2.484885936969733e-15
1599726943422,-149.01341247558594,33.63352966308594,2.7848499298932998e-15
1599726943424,-149.01339721679688,33.63350296020508,2.8848379275344887e-15
1599726943427,-149.01336669921875,33.63347625732422,2.384897939328544e-15
1599726943429,-149.0133819580078,33.63349533081055,2.284909941687355e-15
1599726943430,-149.01339721679688,33.63352966308594,2.5848739346109218e-15
1599726943432,-149.01339721679688,33.633567810058594,2.6848619322521108e-15
1599726943434,-149.01341247558594,33.633602142333984,3.1848019204580557e-15
1599726943437,-149.013427734375,33.63364028930664,2.9848259251756777e-15
1599726943439,-149.01344299316406,33.6336555480957,2.9848259251756777e-15
1599726943440,-149.0134735107422,33.63365936279297,2.384897939328544e-15
1599726943442,-149.01348876953125,33.633663177490234,2.484885936969733e-15
1599726943444,-149.01351928710938,33.6336669921875,2.6848619322521108e-15
1599726943447,-149.01353454589844,33.633670806884766,2.6848619322521108e-15
1599726943448,-149.01351928710938,33.633663177490234,2.484885936969733e-15
1599726943450,-149.01348876953125,33.6336555480957,2.384897939328544e-15
1599726943452,-149.0134735107422,33.633644104003906,2.084933946404977e-15
1599726943454,-149.01344299316406,33.633636474609375,2.7848499298932998e-15
1599726943456,-149.01341247558594,33.63362503051758,2.8848379275344887e-15
1599726943458,-149.01341247558594,33.633628845214844,2.7848499298932998e-15
1599726943460,-149.01344299316406,33.633636474609375,2.8848379275344887e-15
1599726943462,-149.0134735107422,33.63364791870117,3.0848139228168667e-15
1599726943464,-149.0135040283203,33.63365936279297,2.7848499298932998e-15
1599726943466,-149.01353454589844,33.6336669921875,2.484885936969733e-15
1599726943468,-149.01353454589844,33.6336555480957,2.484885936969733e-15
1599726943470,-149.0135040283203,33.63362503051758,3.1848019204580557e-15
1599726943472,-149.01348876953125,33.63359832763672,3.1848019204580557e-15
1599726943474,-149.0134735107422,33.633567810058594,2.6848619322521108e-15
1599726943476,-149.01344299316406,33.633541107177734,2.184921944046166e-15
1599726943478,-149.01344299316406,33.633541107177734,2.5848739346109218e-15
1599726943480,-149.013427734375,33.63356018066406,3.6847419086640006e-15
1599726943482,-149.013427734375,33.63357925415039,3.584753911022812e-15
1599726943484,-149.013427734375,33.633602142333984,2.9848259251756777e-15
1599726943486,-149.013427734375,33.63362121582031,3.0848139228168667e-15
1599726943488,-149.01344299316406,33.633636474609375,2.484885936969733e-15
1599726943490,-149.01345825195312,33.63364028930664,2.6848619322521108e-15
1599726943492,-149.0134735107422,33.63364791870117,2.384897939328544e-15
1599726943494,-149.01348876953125,33.6336555480957,2.6848619322521108e-15
1599726943496,-149.01351928710938,33.63365936279297,2.384897939328544e-15
1599726943498,-149.01351928710938,33.6336669921875,2.484885936969733e-15
1599726943500,-149.01351928710938,33.63367462158203,1.984945948763788e-15
1599726943502,-149.01351928710938,33.63368225097656,2.484885936969733e-15
1599726943504,-149.01351928710938,33.63368606567383,2.7848499298932998e-15
1599726943506,-149.01351928710938,33.63369369506836,2.384897939328544e-15
1599726943508,-149.01351928710938,33.633689880371094,2.284909941687355e-15
1599726943510,-149.01348876953125,33.6336669921875,2.084933946404977e-15
1599726943512,-149.0134735107422,33.63364791870117,2.184921944046166e-15
1599726943514,-149.01344299316406,33.633628845214844,2.6848619322521108e-15
1599726943516,-149.013427734375,33.633609771728516,2.384897939328544e-15
1599726943518,-149.01339721679688,33.633602142333984,2.384897939328544e-15
1599726943520,-149.01339721679688,33.633602142333984,1.78496995348141e-15
1599726943526,-149.0133819580078,33.63360595703125,1.984945948763788e-15
1599726943554,-149.04591369628906,33.556392669677734,4.6846218850758904e-15
1599726943556,-149.00045776367188,33.55534744262695,2.5848739346109218e-15
1599726943558,-149.04673767089844,33.55641555786133,4.5846338874347014e-15
1599726943560,-149.0930633544922,33.557491302490234,3.2847899180992447e-15
1599726943562,-149.09304809570312,33.557498931884766,3.1848019204580557e-15
1599726943564,-149.09303283691406,33.55750274658203,4.1846818968699455e-15
1599726943566,-149.09303283691406,33.55751037597656,3.7847299063051896e-15
1599726943568,-149.093017578125,33.55751419067383,4.5846338874347014e-15
1599726943570,-149.09304809570312,33.55751419067383,5.584513863846591e-15
1599726943572,-149.09307861328125,33.55751037597656,6.184441849693725e-15
1599726943574,-149.09310913085938,33.55751037597656,6.184441849693725e-15
1599726943575,-149.0931396484375,33.55751037597656,5.784489859128969e-15
1599726943578,-149.09315490722656,33.55751037597656,6.984345830823237e-15
1599726943580,-149.0931396484375,33.557518005371094,6.584393840258481e-15
1599726943582,-149.0931396484375,33.557525634765625,7.484285819029182e-15
1599726943583,-149.09312438964844,33.557533264160156,7.784249811952749e-15
1599726943585,-149.09312438964844,33.55754089355469,7.784249811952749e-15
1599726943588,-149.09312438964844,33.55754852294922,7.484285819029182e-15
1599726943590,-149.09312438964844,33.55755615234375,8.184201802517505e-15
1599726943591,-149.09312438964844,33.557559967041016,8.384177797799883e-15
1599726943593,-149.0931396484375,33.55756759643555,8.484165795441072e-15
1599726943596,-149.0931396484375,33.55757522583008,8.784129788364639e-15
1599726943598,-149.09315490722656,33.55757141113281,8.384177797799883e-15
1599726943599,-149.09315490722656,33.55754089355469,9.184081778929395e-15
1599726943601,-149.09315490722656,33.55751037597656,8.984105783647017e-15
1599726943603,-149.09317016601562,33.55747985839844,8.68414179072345e-15
1599726943606,-149.09317016601562,33.55744552612305,8.884117786005828e-15
1599726943607,-149.09317016601562,33.55742263793945,9.184081778929395e-15
1599726943609,-149.0931396484375,33.55742263793945,9.284069776570584e-15
1599726943611,-149.09310913085938,33.55742263793945,9.384057774211773e-15
1599726943613,-149.09307861328125,33.55742263793945,9.184081778929395e-15
1599726943616,-149.0930633544922,33.55742263793945,9.284069776570584e-15
1599726943617,-149.09303283691406,33.55742263793945,8.984105783647017e-15
1599726943619,-149.09304809570312,33.55742645263672,9.883997762417718e-15
1599726943621,-149.0930633544922,33.557430267333984,1.0083973757700096e-14
1599726943623,-149.0930633544922,33.55743408203125,9.284069776570584e-15
1599726943625,-149.09307861328125,33.557437896728516,9.384057774211773e-15
1599726943627,-149.0930938720703,33.55744171142578,9.58403376949415e-15
1599726943629,-149.0930938720703,33.557437896728516,9.384057774211773e-15
1599726943631,-149.0930938720703,33.55743408203125,9.68402176713534e-15
1599726943633,-149.0930938720703,33.557430267333984,9.284069776570584e-15
1599726943635,-149.0930938720703,33.55742645263672,9.983985760058907e-15
1599726943637,-149.0930938720703,33.55741882324219,9.484045771852962e-15
1599726943639,-149.0930938720703,33.55738830566406,9.784009764776529e-15
1599726943641,-149.0930938720703,33.5573616027832,9.883997762417718e-15
1599726943643,-149.0930938720703,33.55733108520508,9.58403376949415e-15
1599726943645,-149.0930938720703,33.55730438232422,8.884117786005828e-15
1599726943647,-149.0930938720703,33.55727767944336,9.384057774211773e-15
1599726943649,-149.09310913085938,33.55730438232422,8.784129788364639e-15
1599726943651,-149.09310913085938,33.55733108520508,9.084093781288206e-15
1599726943653,-149.09312438964844,33.55735778808594,8.884117786005828e-15
1599726943655,-149.09312438964844,33.5573844909668,9.58403376949415e-15
1599726943657,-149.0931396484375,33.557411193847656,9.084093781288206e-15
1599726943659,-149.09312438964844,33.557411193847656,9.784009764776529e-15
1599726943661,-149.09310913085938,33.55740737915039,9.284069776570584e-15
1599726943663,-149.09310913085938,33.55740737915039,9.384057774211773e-15
1599726943665,-149.0930938720703,33.557403564453125,8.58415379308226e-15
1599726943667,-149.09307861328125,33.557403564453125,8.284189800158694e-15
1599726943669,-149.09307861328125,33.55739974975586,9.284069776570584e-15
1599726943671,-149.0930938720703,33.557395935058594,8.484165795441072e-15
1599726943673,-149.0930938720703,33.55739212036133,7.784249811952749e-15
1599726943675,-149.0930938720703,33.55738830566406,7.184321826105615e-15
1599726943677,-149.0930938720703,33.55738830566406,7.484285819029182e-15
1599726943679,-149.09310913085938,33.55740737915039,7.284309823746804e-15
1599726943681,-149.09312438964844,33.55742645263672,6.68438183789967e-15
1599726943683,-149.08876037597656,33.53108596801758,8.484165795441072e-15
1599726943685,-149.0874481201172,33.52312088012695,8.784129788364639e-15
1599726943687,-149.08651733398438,33.51750183105469,8.68414179072345e-15
1599726943689,-149.0845489501953,33.50580978393555,7.884237809593938e-15
1599726943691,-149.08010864257812,33.47932052612305,6.284429847334914e-15
1599726943693,-149.08006286621094,33.479305267333984,7.184321826105615e-15
1599726943695,-149.08001708984375,33.47929000854492,8.484165795441072e-15
1599726943697,-149.07998657226562,33.47927474975586,9.58403376949415e-15
1599726943699,-149.07997131347656,33.479278564453125,9.784009764776529e-15
1599726943701,-149.0799560546875,33.47928237915039,9.883997762417718e-15
1599726943703,-149.07994079589844,33.479286193847656,1.058391374590604e-14
1599726943705,-149.07992553710938,33.47929000854492,1.068390174354723e-14
1599726943707,-149.0799102783203,33.47929382324219,1.1183841731753174e-14
1599726943709,-149.0799560546875,33.47930145263672,1.158379372231793e-14
1599726943711,-149.0800018310547,33.47930908203125,1.1883757715241497e-14
1599726943713,-149.0800323486328,33.47932052612305,1.1883757715241497e-14
1599726943715,-149.080078125,33.47932815551758,1.1983745712882686e-14
1599726943717,-149.0801239013672,33.479339599609375,1.1783769717600308e-14
1599726943719,-149.0801239013672,33.47932434082031,1.2283709705806253e-14
1599726943721,-149.08009338378906,33.47930908203125,1.258367369872982e-14
1599726943723,-149.080078125,33.47929382324219,1.2283709705806253e-14
1599726943725,-149.08006286621094,33.47927474975586,1.258367369872982e-14
1599726943727,-149.08004760742188,33.4792594909668,1.258367369872982e-14
1599726943729,-149.0800323486328,33.47926712036133,1.2683661696371009e-14
1599726943731,-149.0800323486328,33.479278564453125,1.2483685701088631e-14
1599726943733,-149.0800323486328,33.47929000854492,1.3083613686935765e-14
1599726943735,-149.0800323486328,33.47930145263672,1.3483565677500521e-14
1599726943737,-149.08001708984375,33.47931671142578,1.3283589682218143e-14
1599726943739,-149.0800323486328,33.47932052612305,1.3383577679859332e-14
1599726943741,-149.08004760742188,33.47932434082031,1.3283589682218143e-14
1599726943743,-149.080078125,33.47932815551758,1.2983625689294576e-14
1599726943744,-149.08009338378906,33.479331970214844,1.3683541672782899e-14
1599726943747,-149.08010864257812,33.47933578491211,1.3083613686935765e-14
1599726943749,-149.08010864257812,33.479339599609375,1.3783529670424088e-14
1599726943751,-149.08009338378906,33.479347229003906,1.3283589682218143e-14
1599726943752,-149.080078125,33.47935104370117,1.3383577679859332e-14
1599726943755,-149.080078125,33.4793586730957,1.3183601684576954e-14
1599726943757,-149.08006286621094,33.47936248779297,1.358355367514171e-14
1599726943759,-149.08006286621094,33.47936248779297,1.358355367514171e-14
1599726943760,-149.080078125,33.4793586730957,1.358355367514171e-14
1599726943762,-149.08009338378906,33.47935485839844,1.3983505665706466e-14
1599726943765,-149.08010864257812,33.47935104370117,1.358355367514171e-14
1599726943767,-149.0801239013672,33.479347229003906,1.3083613686935765e-14
1599726943768,-149.08010864257812,33.47933578491211,1.3683541672782899e-14
1599726943770,-149.08009338378906,33.47932434082031,1.3283589682218143e-14
1599726943772,-149.080078125,33.479312896728516,1.3383577679859332e-14
1599726943775,-149.08006286621094,33.47929763793945,1.3083613686935765e-14
1599726943776,-149.08004760742188,33.479286193847656,1.3183601684576954e-14
1599726943778,-149.08004760742188,33.47929382324219,1.2883637691653387e-14
1599726943780,-149.0800323486328,33.47930908203125,1.3283589682218143e-14
1599726943782,-149.0800323486328,33.47932434082031,1.2983625689294576e-14
1599726943785,-149.08001708984375,33.479339599609375,1.3383577679859332e-14
1599726943786,-149.08001708984375,33.47935485839844,1.2383697703447442e-14
1599726943788,-149.08001708984375,33.4793586730957,1.2483685701088631e-14
1599726943790,-149.0800323486328,33.47935485839844,1.2683661696371009e-14
1599726943793,-149.0800323486328,33.47935104370117,1.2483685701088631e-14
1599726943794,-149.08004760742188,33.47934341430664,1.258367369872982e-14
1599726943796,-149.08006286621094,33.479339599609375,1.1983745712882686e-14
1599726943798,-149.08004760742188,33.479331970214844,1.1783769717600308e-14
1599726943800,-149.0800323486328,33.47931671142578,1.1483805724676741e-14
1599726943802,-149.0800018310547,33.479305267333984,1.1183841731753174e-14
1599726943804,-149.07998657226562,33.47929000854492,1.168378171995912e-14
1599726943806,-149.0799560546875,33.479278564453125,1.0883877738829607e-14
1599726943808,-149.07997131347656,33.47929000854492,1.0783889741188418e-14
1599726943810,-149.0800018310547,33.47931671142578,1.0183961755341285e-14
1599726943812,-149.08001708984375,33.479347229003906,9.484045771852962e-15
1599726943814,-149.08004760742188,33.479373931884766,8.784129788364639e-15
1599726943816,-149.080078125,33.47940444946289,8.484165795441072e-15
1599726943818,-149.08009338378906,33.47941589355469,7.68426181431156e-15
1599726943820,-149.080078125,33.47941589355469,6.584393840258481e-15
1599726943822,-149.08006286621094,33.47941589355469,5.584513863846591e-15
1599726943824,-149.11032104492188,33.4801139831543,6.184441849693725e-15
1599726943826,-149.1123504638672,33.44904708862305,8.68414179072345e-15
1599726943828,-149.09011840820312,33.409698486328125,6.984345830823237e-15
1599726943830,-149.1023406982422,33.40220642089844,5.084573875640646e-15
1599726943832,-149.0917510986328,33.38700485229492,6.284429847334914e-15
1599726943834,-149.11427307128906,33.40248489379883,5.984465854411347e-15
1599726943836,-149.11729431152344,33.40255355834961,6.284429847334914e-15
1599726943838,-149.10801696777344,33.38896179199219,8.58415379308226e-15
1599726943840,-149.1243896484375,33.40271759033203,6.884357833182048e-15
1599726943842,-149.12767028808594,33.40279006958008,7.884237809593938e-15
1599726943844,-149.13099670410156,33.40286636352539,7.68426181431156e-15
1599726943846,-149.15969848632812,33.403526306152344,6.284429847334914e-15
1599726943846,-149.0672149658203,33.401390075683594,1.684981955840221e-15
1599726943848,-149.14434814453125,33.40316390991211,8.484165795441072e-15
1599726943850,-149.15968322753906,33.403499603271484,7.584273816670371e-15
1599726943852,-149.15969848632812,33.403507232666016,8.084213804876316e-15
1599726943854,-149.15972900390625,33.40351104736328,8.58415379308226e-15
1599726943856,-149.1597442626953,33.40351867675781,9.184081778929395e-15
1599726943858,-149.15975952148438,33.40352249145508,9.784009764776529e-15
1599726943860,-149.15975952148438,33.403526306152344,1.0183961755341285e-14
1599726943862,-149.15975952148438,33.40353012084961,1.058391374590604e-14
1599726943864,-149.15975952148438,33.403533935546875,1.0983865736470796e-14
1599726943866,-149.15975952148438,33.403541564941406,1.1383817727035552e-14
1599726943868,-149.15975952148438,33.403541564941406,1.1883757715241497e-14
1599726943870,-149.15972900390625,33.403541564941406,1.2183721708165064e-14
1599726943872,-149.1597137451172,33.403541564941406,1.258367369872982e-14
1599726943874,-149.15969848632812,33.40353775024414,1.3183601684576954e-14
1599726943876,-149.15968322753906,33.40353775024414,1.2783649694012198e-14
1599726943878,-149.15966796875,33.403533935546875,1.3183601684576954e-14
1599726943880,-149.15966796875,33.40353012084961,1.2883637691653387e-14
1599726943882,-149.15965270996094,33.403526306152344,1.358355367514171e-14
1599726943884,-149.15965270996094,33.40352249145508,1.358355367514171e-14
1599726943886,-149.15963745117188,33.40351486206055,1.3883517668065277e-14
1599726943888,-149.15963745117188,33.40351867675781,1.3683541672782899e-14
1599726943890,-149.15966796875,33.40353012084961,1.3883517668065277e-14
1599726943892,-149.15969848632812,33.403541564941406,1.3883517668065277e-14
1599726943894,-149.1597137451172,33.4035530090332,1.4283469658630033e-14
1599726943896,-149.1597442626953,33.403564453125,1.4383457656271222e-14
1599726943898,-149.15975952148438,33.40357208251953,1.45834336515536e-14
1599726943900,-149.15975952148438,33.4035758972168,1.4283469658630033e-14
1599726943902,-149.15975952148438,33.40357971191406,1.4383457656271222e-14
1599726943904,-149.15975952148438,33.40358352661133,1.4383457656271222e-14
1599726943906,-149.15975952148438,33.403587341308594,1.45834336515536e-14
1599726943908,-149.1597442626953,33.403587341308594,1.4783409646835978e-14
1599726943910,-149.15972900390625,33.40357208251953,1.4883397644477167e-14
1599726943912,-149.1597137451172,33.403560638427734,1.45834336515536e-14
1599726943913,-149.15969848632812,33.40354537963867,1.4383457656271222e-14
1599726943916,-149.15968322753906,33.40353012084961,1.4883397644477167e-14
1599726943918,-149.15966796875,33.40352249145508,1.4783409646835978e-14
1599726943920,-149.15966796875,33.403541564941406,1.4783409646835978e-14
1599726943921,-149.15966796875,33.403560638427734,1.4883397644477167e-14
1599726943924,-149.15965270996094,33.4035758972168,1.448344565391241e-14
1599726943926,-149.15965270996094,33.403594970703125,1.45834336515536e-14
1599726943928,-149.15965270996094,33.40360641479492,1.4783409646835978e-14
1599726943929,-149.15966796875,33.403602600097656,1.4283469658630033e-14
1599726943931,-149.15969848632812,33.40359878540039,1.45834336515536e-14
1599726943934,-149.1597137451172,33.40359878540039,1.4283469658630033e-14
1599726943936,-149.15972900390625,33.403594970703125,1.4283469658630033e-14
1599726943937,-149.1597442626953,33.40359115600586,1.448344565391241e-14
1599726943939,-149.15972900390625,33.403594970703125,1.448344565391241e-14
1599726943941,-149.15972900390625,33.40359878540039,1.468342164919479e-14
1599726943944,-149.1597137451172,33.403602600097656,1.45834336515536e-14
1599726943945,-149.15969848632812,33.40361022949219,1.4083493663347655e-14
1599726943947,-149.15968322753906,33.40361022949219,1.4083493663347655e-14
1599726943949,-149.15968322753906,33.40360641479492,1.3683541672782899e-14
1599726943951,-149.15966796875,33.40359878540039,1.3283589682218143e-14
1599726943953,-149.1581268310547,33.39430618286133,1.4283469658630033e-14
1599726943955,-149.15780639648438,33.3923454284668,1.468342164919479e-14
1599726943957,-149.1571502685547,33.3884391784668,1.4783409646835978e-14
1599726943959,-149.15658569335938,33.384986877441406,1.45834336515536e-14
1599726943962,-149.15585327148438,33.38050842285156,1.4283469658630033e-14
1599726943963,-149.155029296875,33.37558364868164,1.4383457656271222e-14
1599726943965,-149.1543426513672,33.371402740478516,1.3783529670424088e-14
1599726943977,-149.14523315429688,33.3167610168457,1.4283469658630033e-14
1599726943979,-149.14500427246094,33.31534957885742,1.5383337632683112e-14
1599726943981,-149.14495849609375,33.3150520324707,1.648320560673619e-14
1599726943983,-149.14479064941406,33.313995361328125,1.7283109587865702e-14
1599726943985,-149.14524841308594,33.316741943359375,1.6383217609095e-14
1599726943987,-149.14508056640625,33.31565475463867,1.7283109587865702e-14
1599726943989,-149.1452178955078,33.31657409667969,1.7983025571354025e-14
1599726943991,-149.14515686035156,33.31624221801758,1.8183001566636403e-14
1599726943993,-149.14523315429688,33.3167724609375,1.7983025571354025e-14
1599726943995,-149.14503479003906,33.31557846069336,1.848296555955997e-14
1599726943997,-149.14503479003906,33.31568145751953,1.848296555955997e-14
1599726943999,-149.14523315429688,33.316864013671875,1.9082893545407104e-14
1599726944001,-149.14537048339844,33.31770706176758,1.8682941554842348e-14
1599726944003,-149.14500427246094,33.315555572509766,1.938285753833067e-14
1599726944005,-149.14508056640625,33.31603240966797,1.9782809528895427e-14
1599726944007,-149.1451873779297,33.31674575805664,1.9282869540689482e-14
1599726944009,-149.14517211914062,33.31657409667969,1.9182881543048293e-14
1599726944011,-149.14540100097656,33.31792068481445,1.9082893545407104e-14
1599726944013,-149.14524841308594,33.31700897216797,1.9282869540689482e-14
1599726944015,-149.1454315185547,33.31808853149414,1.948284553597186e-14
1599726944017,-149.14535522460938,33.31765365600586,1.958283353361305e-14
1599726944019,-149.14553833007812,33.318668365478516,1.9682821531254238e-14
1599726944021,-149.14552307128906,33.31856155395508,1.938285753833067e-14
1599726944023,-149.1455841064453,33.31888198852539,1.9282869540689482e-14
1599726944025,-149.1455078125,33.31836700439453,2.0182761519460183e-14
1599726944027,-149.14540100097656,33.31764221191406,1.9882797526536616e-14
1599726944029,-149.14553833007812,33.318546295166016,1.9782809528895427e-14
1599726944031,-149.1455535888672,33.318603515625,2.0282749517101372e-14
1599726944033,-149.1454315185547,33.31796646118164,2.0182761519460183e-14
1599726944035,-149.14669799804688,33.32564926147461,1.8282989564277592e-14
1599726944037,-149.14569091796875,33.319610595703125,1.9782809528895427e-14
1599726944039,-149.1456756591797,33.31953430175781,1.958283353361305e-14
1599726944041,-149.14561462402344,33.319175720214844,1.9982785524177805e-14
1599726944043,-149.1466827392578,33.32565689086914,1.8282989564277592e-14
1599726944045,-149.1457061767578,33.319705963134766,2.0082773521818994e-14
1599726944047,-149.14576721191406,33.32011032104492,1.9782809528895427e-14
1599726944049,-149.14669799804688,33.3256721496582,1.8083013568995214e-14
1599726944051,-149.14671325683594,33.325679779052734,1.858295355720116e-14
1599726944053,-149.146728515625,33.32568359375,1.858295355720116e-14
1599726944055,-149.14674377441406,33.325687408447266,1.8183001566636403e-14
1599726944057,-149.1457977294922,33.31989669799805,1.938285753833067e-14
1599726944059,-149.14674377441406,33.32571029663086,1.8282989564277592e-14
1599726944061,-149.146728515625,33.32572937011719,1.7883037573712836e-14
1599726944063,-149.14671325683594,33.325748443603516,1.8183001566636403e-14
1599726944065,-149.1457061767578,33.31978225708008,1.958283353361305e-14
1599726944067,-149.1466827392578,33.32578659057617,1.8282989564277592e-14
1599726944069,-149.14669799804688,33.32578659057617,1.7683061578430458e-14
1599726944071,-149.146728515625,33.32577896118164,1.7783049576071647e-14
1599726944073,-149.14675903320312,33.32577133178711,1.758307358078927e-14
1599726944075,-149.14678955078125,33.32576370239258,1.7683061578430458e-14
1599726944077,-149.14682006835938,33.32575607299805,1.738309758550689e-14
1599726944079,-149.1468048095703,33.325748443603516,1.7183121590224513e-14
1599726944081,-149.1467742919922,33.325740814208984,1.6783169599659757e-14
1599726944082,-149.14674377441406,33.32573318481445,1.6383217609095e-14
1599726944085,-149.14671325683594,33.32572555541992,1.6383217609095e-14
1599726944087,-149.15391540527344,33.32588577270508,1.7183121590224513e-14
1599726944089,-149.14527893066406,33.317142486572266,1.7283109587865702e-14
1599726944090,-149.15194702148438,33.31670379638672,1.7883037573712836e-14
1599726944093,-149.15309143066406,33.31644058227539,1.7883037573712836e-14
1599726944095,-149.1531524658203,33.313053131103516,1.7783049576071647e-14
1599726944097,-149.1511688232422,33.309051513671875,1.7083133592583324e-14
1599726944098,-149.15292358398438,33.30488967895508,1.758307358078927e-14
1599726944100,-149.15264892578125,33.30192947387695,1.738309758550689e-14
1599726944103,-149.1564178466797,33.28969955444336,1.8083013568995214e-14
1599726944105,-149.15875244140625,33.284610748291016,1.8083013568995214e-14
1599726944106,-149.1610870361328,33.27816390991211,1.8282989564277592e-14
1599726944108,-149.1593017578125,33.2689094543457,1.738309758550689e-14
1599726944110,-149.16246032714844,33.262393951416016,1.7783049576071647e-14
1599726944113,-149.1547088623047,33.241783142089844,1.7983025571354025e-14
1599726944114,-149.1687469482422,33.2568244934082,1.9882797526536616e-14
1599726944116,-149.16339111328125,33.248653411865234,1.838297756191878e-14
1599726944118,-149.16822814941406,33.24876403808594,1.9782809528895427e-14
1599726944121,-149.16903686523438,33.248783111572266,2.0882677502948506e-14
1599726944122,-149.17127990722656,33.243370056152344,2.2582473462848718e-14
1599726944124,-149.17630004882812,33.24894714355469,2.1782569481719207e-14
1599726944126,-149.1760711669922,33.24294662475586,2.428226942274893e-14
1599726944128,-149.1806182861328,33.24300765991211,2.428226942274893e-14
1599726944131,-149.18386840820312,33.24308776855469,2.4782209410954876e-14
1599726944132,-149.1876678466797,33.244110107421875,2.5082173403878443e-14
1599726944134,-149.1917724609375,33.244544982910156,2.5182161401519632e-14
1599726944136,-149.10824584960938,33.09260940551758,1.584993958199032e-15
1599726944136,-149.20021057128906,33.24942398071289,2.428226942274893e-14
1599726944138,-149.20046997070312,33.245052337646484,2.528214939916082e-14
1599726944140,-149.2030792236328,33.244895935058594,2.6182041377931522e-14
1599726944142,-149.21047973632812,33.24967956542969,2.5082173403878443e-14
1599726944144,-149.21551513671875,33.24980545043945,2.4182281425107742e-14
1599726944146,-149.21743774414062,33.24985885620117,2.4982185406237254e-14
1599726944148,-149.2140655517578,33.24538803100586,2.648200537085509e-14
1599726944150,-149.108154296875,33.0926513671875,1.684981955840221e-15
1599726944150,-149.22607421875,33.25006866455078,2.4082293427466553e-14
1599726944152,-149.2199249267578,33.24538803100586,2.6681981366137467e-14
1599726944154,-149.22610473632812,33.25007629394531,2.5882077385007955e-14
1599726944156,-149.22613525390625,33.25008010864258,2.6182041377931522e-14
1599726944158,-149.22613525390625,33.25008010864258,2.6781969363778656e-14
1599726944160,-149.22613525390625,33.25007247924805,2.7681861342549357e-14
1599726944162,-149.22613525390625,33.250064849853516,2.7181921354343412e-14
1599726944164,-149.22613525390625,33.250057220458984,2.7981825335472923e-14
1599726944166,-149.22613525390625,33.25004959106445,2.81818013307553e-14
1599726944168,-149.22613525390625,33.250064849853516,2.9081693309526e-14
1599726944170,-149.2261199951172,33.25009536743164,2.8981705311884813e-14
1599726944172,-149.2261199951172,33.25012969970703,2.938165730244957e-14
1599726944174,-149.2261199951172,33.25016403198242,2.938165730244957e-14
1599726944176,-149.22610473632812,33.25019454956055,2.9981585288296703e-14
1599726944178,-149.22610473632812,33.25020980834961,3.028154928122027e-14
1599726944180,-149.2261199951172,33.25020217895508,2.9981585288296703e-14
1599726944182,-149.2261199951172,33.25019454956055,3.038153727886146e-14
1599726944184,-149.2261199951172,33.25018310546875,3.0881477267067404e-14
1599726944186,-149.22613525390625,33.25017547607422,3.048152527650265e-14
1599726944188,-149.22613525390625,33.25016784667969,3.118144125999097e-14
1599726944190,-149.22613525390625,33.250160217285156,3.0881477267067404e-14
1599726944192,-149.22613525390625,33.25015640258789,3.0781489269426215e-14
1599726944194,-149.22613525390625,33.25014877319336,3.108145326234978e-14
1599726944196,-149.22613525390625,33.25014114379883,3.058151327414384e-14
1599726944198,-149.22613525390625,33.25013732910156,3.0881477267067404e-14
1599726944200,-149.2261199951172,33.25014114379883,3.0781489269426215e-14
1599726944202,-149.22610473632812,33.25014114379883,3.148140525291454e-14
1599726944204,-149.22610473632812,33.250144958496094,3.0781489269426215e-14
1599726944206,-149.22608947753906,33.250144958496094,3.038153727886146e-14
1599726944208,-149.22610473632812,33.25014877319336,3.108145326234978e-14
1599726944210,-149.2261199951172,33.250160217285156,3.048152527650265e-14
1599726944212,-149.2261505126953,33.25016784667969,3.028154928122027e-14
1599726944214,-149.22618103027344,33.25017547607422,3.008157328593789e-14
1599726944216,-149.2261962890625,33.250186920166016,3.058151327414384e-14
1599726944218,-149.22622680664062,33.25019073486328,3.008157328593789e-14
1599726944220,-149.22622680664062,33.25018310546875,2.9781609293014325e-14
1599726944222,-149.2262420654297,33.25017547607422,2.918168130716719e-14
1599726944224,-149.22625732421875,33.25017166137695,2.938165730244957e-14
1599726944226,-149.22625732421875,33.25016403198242,2.9081693309526e-14
1599726944228,-149.22625732421875,33.25015640258789,2.828178932839649e-14
1599726944230,-149.22622680664062,33.25015640258789,2.7881837337831735e-14
1599726944232,-149.2261962890625,33.250152587890625,2.6681981366137467e-14
1599726944234,-149.2250213623047,33.2432746887207,2.838177732603768e-14
1599726944236,-149.22434997558594,33.23943328857422,2.9081693309526e-14
1599726944238,-149.22357177734375,33.23497009277344,2.848176532367887e-14
1599726944240,-149.22262573242188,33.22925567626953,2.958163329773195e-14
1599726944242,-149.2219696044922,33.22523498535156,2.958163329773195e-14
1599726944246,-149.2197723388672,33.212032318115234,3.038153727886146e-14
1599726944256,-149.2156524658203,33.18679428100586,3.2881237219891184e-14
1599726944262,-149.21421813964844,33.1780891418457,3.2881237219891184e-14
1599726944266,-149.2133026123047,33.172550201416016,3.1781369245838105e-14
1599726944267,-149.2133026123047,33.17256164550781,3.2881237219891184e-14
1599726944269,-149.21327209472656,33.172569274902344,3.318120121281475e-14
1599726944272,-149.2132568359375,33.17257308959961,3.3881117196303073e-14
1599726944274,-149.21324157714844,33.172576904296875,3.438105718450902e-14
1599726944275,-149.21322631835938,33.17258071899414,3.418108118922664e-14
1599726944277,-149.21319580078125,33.172584533691406,3.4781009175073774e-14
1599726944279,-149.21319580078125,33.17258834838867,3.4681021177432585e-14
1599726944282,-149.21319580078125,33.17259216308594,3.538093716092091e-14
1599726944283,-149.21319580078125,33.17259216308594,3.618084114205042e-14
1599726944285,-149.21319580078125,33.1725959777832,3.54809251585621e-14
1599726944287,-149.21319580078125,33.1725959777832,3.6780769127897554e-14
1599726944290,-149.21319580078125,33.172584533691406,3.63808171373328e-14
1599726944291,-149.2132110595703,33.17257308959961,3.6780769127897554e-14
1599726944293,-149.21322631835938,33.17255783081055,3.72807091161035e-14
1599726944295,-149.21324157714844,33.17254638671875,3.7780649104309444e-14
1599726944297,-149.21324157714844,33.17253494262695,3.7580673109027066e-14
1599726944299,-149.21324157714844,33.172523498535156,3.798062509959182e-14
1599726944301,-149.21322631835938,33.17251205444336,3.788063710195063e-14
1599726944303,-149.2132110595703,33.17250061035156,3.8680541083080145e-14
1599726944305,-149.21319580078125,33.172489166259766,3.8680541083080145e-14
1599726944307,-149.2131805419922,33.17247772216797,3.8680541083080145e-14
1599726944309,-149.2131805419922,33.1724967956543,3.928046906892728e-14
1599726944311,-149.2131805419922,33.172515869140625,3.898050507600371e-14
1599726944313,-149.2131805419922,33.17253112792969,3.8780529080721334e-14
1599726944315,-149.2131805419922,33.172550201416016,3.9480445064209657e-14
1599726944317,-149.21316528320312,33.17256546020508,3.928046906892728e-14
1599726944319,-149.21316528320312,33.17256164550781,3.9780409057133223e-14
1599726944321,-149.21316528320312,33.17255401611328,3.988039705477441e-14
1599726944323,-149.21316528320312,33.172550201416016,3.9780409057133223e-14
1599726944325,-149.21316528320312,33.172542572021484,3.988039705477441e-14
1599726944327,-149.21316528320312,33.17253875732422,4.028034904533917e-14
1599726944329,-149.21315002441406,33.17253112792969,4.028034904533917e-14
1599726944331,-149.213134765625,33.172523498535156,4.008037305005679e-14
1599726944333,-149.21310424804688,33.17251968383789,4.028034904533917e-14
1599726944335,-149.2130889892578,33.17251205444336,3.99803850524156e-14
1599726944337,-149.21307373046875,33.17250442504883,3.99803850524156e-14
1599726944339,-149.21311950683594,33.17251968383789,3.99803850524156e-14
1599726944341,-149.21315002441406,33.17253494262695,4.008037305005679e-14
1599726944343,-149.21319580078125,33.172550201416016,3.9580433061850846e-14
1599726944345,-149.21322631835938,33.17256546020508,3.9580433061850846e-14
1599726944347,-149.21327209472656,33.17258071899414,3.988039705477441e-14
1599726944349,-149.21324157714844,33.17259216308594,3.9580433061850846e-14
1599726944351,-149.21322631835938,33.172603607177734,3.9680421059492035e-14
1599726944353,-149.2132110595703,33.17261505126953,3.9580433061850846e-14
1599726944355,-149.21702575683594,33.1727180480957,4.1580193014674625e-14
1599726944357,-149.2163848876953,33.17271423339844,4.098026502882749e-14
1599726944359,-149.21678161621094,33.17272186279297,3.99803850524156e-14
1599726944361,-149.21803283691406,33.17274856567383,4.098026502882749e-14
1599726944363,-149.2176971435547,33.17273712158203,3.99803850524156e-14
1599726944365,-149.2174835205078,33.1727294921875,3.90804930736449e-14
1599726944367,-149.2166290283203,33.16862106323242,3.99803850524156e-14
1599726944369,-149.21713256835938,33.16707992553711,4.0780289033545113e-14
1599726944371,-149.2163543701172,33.164695739746094,4.028034904533917e-14
1599726944373,-149.21690368652344,33.16256332397461,4.0580313038262735e-14
1599726944375,-149.2171630859375,33.15985107421875,3.9480445064209657e-14
1599726944377,-149.21673583984375,33.15565490722656,4.08802770311863e-14
1599726944379,-149.21888732910156,33.147945404052734,4.318000097693365e-14
1599726944381,-149.21307373046875,33.13979721069336,4.198014500523938e-14
1599726944383,-149.2183380126953,33.133949279785156,4.487979693683386e-14
1599726944385,-149.21815490722656,33.1275749206543,4.4679820941551484e-14
1599726944387,-149.2198944091797,33.12678527832031,4.308001297929246e-14
1599726944389,-149.2201690673828,33.12229537963867,4.327998897457484e-14
1599726944391,-149.2190399169922,33.116580963134766,4.188015700759819e-14
1599726944393,-149.22145080566406,33.11273193359375,4.3579952967498405e-14
1599726944395,-149.22402954101562,33.109336853027344,4.427986895098673e-14
1599726944397,-149.2259979248047,33.105140686035156,4.407989295570435e-14
1599726944399,-149.22677612304688,33.10048294067383,4.377992896278078e-14
1599726944401,-149.2297821044922,33.1009407043457,4.5579712920322185e-14
1599726944403,-149.2331085205078,33.100502014160156,4.6479604899092885e-14
1599726944405,-149.23524475097656,33.100502014160156,4.7379496877863586e-14
1599726944407,-149.2339324951172,33.09573745727539,4.6479604899092885e-14
1599726944409,-149.24032592773438,33.09934616088867,4.9579232825969744e-14
1599726944411,-149.2434539794922,33.0991096496582,4.987919681889331e-14
1599726944413,-149.24661254882812,33.098812103271484,5.0379136807099256e-14
1599726944415,-149.246826171875,33.09598922729492,4.9479244828328555e-14
1599726944417,-149.25039672851562,33.0960578918457,4.977920882125212e-14
1599726944419,-149.2543487548828,33.096168518066406,5.0579112802381634e-14
1599726944421,-149.25770568847656,33.096275329589844,5.277884875048779e-14
1599726944423,-149.26077270507812,33.09637451171875,5.2278908762281846e-14
1599726944425,-149.26388549804688,33.096473693847656,5.277884875048779e-14
1599726944427,-149.26705932617188,33.09657669067383,5.2578872755205413e-14
1599726944428,-149.26943969726562,33.09663772583008,5.387871672454087e-14
1599726944431,-149.2720947265625,33.09669494628906,5.387871672454087e-14
1599726944433,-149.17486572265625,32.94017028808594,1.884957951122599e-15
1599726944433,-149.27520751953125,33.096763610839844,5.4278668715105626e-14
1599726944435,-149.27114868164062,33.088890075683594,5.8178200623112e-14
1599726944436,-149.274169921875,33.089569091796875,5.787823663018843e-14
1599726944439,-149.2749481201172,33.08932876586914,5.937805659480626e-14
1599726944441,-149.2760772705078,33.08795928955078,6.017796057593578e-14
1599726944443,-149.2761688232422,33.08861541748047,6.107785255470648e-14
1599726944444,-149.279541015625,33.08930206298828,6.107785255470648e-14
1599726944446,-149.2797393798828,33.087242126464844,6.157779254291242e-14
1599726944449,-149.28025817871094,33.08657455444336,6.207773253111837e-14
1599726944451,-149.28245544433594,33.086700439453125,6.077788856178291e-14
1599726944452,-149.29249572753906,33.097198486328125,5.667838065849416e-14
1599726944454,-149.2845458984375,33.0891227722168,6.237769652404193e-14
1599726944456,-149.2853240966797,33.089805603027344,6.237769652404193e-14
1599726944459,-149.28933715820312,33.09477615356445,6.057791256650053e-14
1599726944460,-149.2850799560547,33.08944320678711,6.367754049337739e-14
1599726944462,-149.28451538085938,33.08857727050781,6.487739646507166e-14
1599726944464,-149.29257202148438,33.09722900390625,6.037793657121815e-14
1599726944464,-149.17486572265625,32.94023132324219,3.0848139228168667e-15
1599726944466,-149.28564453125,33.089691162109375,6.477740846743047e-14
1599726944468,-149.28501892089844,33.08867263793945,6.487739646507166e-14
1599726944470,-149.2858428955078,33.09003448486328,6.567730044620117e-14
1599726944472,-149.28953552246094,33.094970703125,6.35775524957362e-14
1599726944474,-149.28634643554688,33.0908317565918,6.637721642968949e-14
1599726944476,-149.29251098632812,33.097267150878906,6.17777685381948e-14
1599726944476,-149.1748046875,32.940269470214844,2.284909941687355e-15
1599726944478,-149.1748046875,32.94025802612305,1.984945948763788e-15
1599726944478,-149.29251098632812,33.09725570678711,6.207773253111837e-14
1599726944480,-149.29254150390625,33.09723663330078,6.227770852640074e-14
1599726944482,-149.29257202148438,33.09721755981445,6.307761250753026e-14
1599726944484,-149.2926025390625,33.09719467163086,6.277764851460669e-14
1599726944486,-149.29263305664062,33.09717559814453,6.247768452168312e-14
1599726944488,-149.29261779785156,33.09716033935547,6.277764851460669e-14
1599726944490,-149.2926025390625,33.09714889526367,6.307761250753026e-14
1599726944492,-149.29257202148438,33.097137451171875,6.277764851460669e-14
1599726944494,-149.29254150390625,33.09712600708008,6.26776605169655e-14
1599726944496,-149.29251098632812,33.09711456298828,6.217772052875956e-14
1599726944498,-149.29251098632812,33.09711837768555,6.227770852640074e-14
1599726944500,-149.29251098632812,33.09714126586914,6.147780454527123e-14
1599726944502,-149.2925262451172,33.097164154052734,6.067790056414172e-14
1599726944504,-149.29254150390625,33.09718704223633,6.007797257829459e-14
1599726944506,-149.29254150390625,33.09721374511719,5.947804459244745e-14
1599726944508,-149.2925567626953,33.09721374511719,5.827818862075319e-14
1599726944510,-149.29254150390625,33.097190856933594,5.717832064670011e-14
1599726944512,-149.29254150390625,33.09716796875,5.517856069387633e-14
1599726944514,-149.29208374023438,33.09444046020508,5.517856069387633e-14
1599726944516,-149.29132080078125,33.08992385864258,5.597846467500584e-14
1599726944518,-149.2903594970703,33.08424377441406,5.757827263726486e-14
1599726944520,-149.2896270751953,33.07990264892578,5.777824863254724e-14
1599726944522,-149.2886199951172,33.073936462402344,5.90780926018827e-14
1599726944530,-149.28517150878906,33.053367614746094,6.277764851460669e-14
1599726944532,-149.28448486328125,33.049251556396484,6.377752849101858e-14
1599726944534,-149.2838897705078,33.045623779296875,6.377752849101858e-14
1599726944536,-149.28335571289062,33.04233932495117,6.497738446271285e-14
1599726944538,-149.28282165527344,33.039146423339844,6.467742046978928e-14
1599726944540,-149.28240966796875,33.03670120239258,6.487739646507166e-14
1599726944542,-149.28195190429688,33.03390121459961,6.687715641789544e-14
1599726944544,-149.28175354003906,33.03278732299805,6.677716842025425e-14
1599726944546,-149.2813262939453,33.03025817871094,6.757707240138376e-14
1599726944548,-149.28103637695312,33.02846145629883,6.707713241317782e-14
1599726944550,-149.28079223632812,33.02689743041992,6.677716842025425e-14
1599726944552,-149.28074645996094,33.02641296386719,6.757707240138376e-14
1599726944554,-149.28045654296875,33.02452850341797,6.827698838487208e-14
1599726944556,-149.28024291992188,33.02312088012695,6.657719242497187e-14
1599726944558,-149.28016662597656,33.02256774902344,6.777704839666614e-14
1599726944560,-149.27969360351562,33.01980209350586,6.707713241317782e-14
1599726944562,-149.27967834472656,33.019779205322266,6.827698838487208e-14
1599726944564,-149.2796630859375,33.01976013183594,6.81770003872309e-14
1599726944566,-149.27964782714844,33.01974105834961,6.937685635892516e-14
1599726944568,-149.27964782714844,33.01972579956055,6.987679634713111e-14
1599726944570,-149.27964782714844,33.01972961425781,7.067670032826062e-14
1599726944572,-149.2796630859375,33.01973342895508,7.077668832590181e-14
1599726944574,-149.27967834472656,33.01974105834961,7.227650829051964e-14
1599726944576,-149.27969360351562,33.019744873046875,7.17765683023137e-14
1599726944578,-149.2797088623047,33.019744873046875,7.347636426221391e-14
1599726944580,-149.2797088623047,33.01974105834961,7.317640026929034e-14
1599726944582,-149.27969360351562,33.019737243652344,7.387631625277867e-14
1599726944584,-149.27969360351562,33.01973342895508,7.387631625277867e-14
1599726944586,-149.27969360351562,33.01972961425781,7.497618422683175e-14
1599726944588,-149.27969360351562,33.01972579956055,7.557611221267888e-14
1599726944590,-149.27967834472656,33.019718170166016,7.547612421503769e-14
1599726944592,-149.2796630859375,33.019710540771484,7.597606420324364e-14
1599726944594,-149.27964782714844,33.01970291137695,7.617604019852601e-14
1599726944596,-149.27963256835938,33.01969528198242,7.647600419144958e-14
1599726944597,-149.27963256835938,33.01969528198242,7.677596818437315e-14
1599726944600,-149.27964782714844,33.01972198486328,7.677596818437315e-14
1599726944602,-149.2796630859375,33.019744873046875,7.737589617022028e-14
1599726944604,-149.27967834472656,33.019771575927734,7.797582415606742e-14
1599726944605,-149.27969360351562,33.019798278808594,7.837577614663217e-14
1599726944607,-149.2797088623047,33.01981735229492,7.837577614663217e-14
1599726944610,-149.27969360351562,33.01980209350586,7.817580015134979e-14
1599726944612,-149.27967834472656,33.0197868347168,7.787583615842623e-14
1599726944613,-149.2796630859375,33.019771575927734,7.787583615842623e-14
1599726944615,-149.27964782714844,33.01976013183594,7.767586016314385e-14
1599726944618,-149.27963256835938,33.01974868774414,7.787583615842623e-14
1599726944620,-149.27963256835938,33.01976776123047,7.827578814899098e-14
1599726944621,-149.27963256835938,33.01978302001953,7.777584816078504e-14
1599726944623,-149.2796173095703,33.01980209350586,7.887571613483812e-14
1599726944625,-149.2796173095703,33.01981735229492,7.747588416786147e-14
1599726944628,-149.28158569335938,33.01987838745117,7.977560811360882e-14
1599726944629,-149.28163146972656,33.01987838745117,7.887571613483812e-14
1599726944631,-149.28164672851562,33.019874572753906,7.90756921301205e-14
1599726944633,-149.2819366455078,33.01987838745117,7.80758121537086e-14
1599726944635,-149.2821807861328,33.01987838745117,7.847576414427336e-14
1599726944637,-149.28292846679688,33.019893646240234,7.887571613483812e-14
1599726944639,-149.28204345703125,33.01987838745117,7.667598018673196e-14
1599726944641,-149.2825927734375,33.019893646240234,7.707593217729671e-14
1599726944643,-149.28280639648438,33.01990509033203,7.487619622919056e-14
1599726944645,-149.2838592529297,33.01993179321289,7.437625624098461e-14
1599726944647,-149.28335571289062,33.01992416381836,7.317640026929034e-14
1599726944649,-149.2846221923828,33.01994705200195,7.157659230703132e-14
1599726944651,-149.2826690673828,33.01559066772461,7.247648428580202e-14
1599726944653,-149.28268432617188,33.0118408203125,7.277644827872559e-14
1599726944655,-149.2825927734375,33.0082893371582,7.427626824334342e-14
1599726944657,-149.2819061279297,33.003150939941406,7.487619622919056e-14
1599726944659,-149.28294372558594,32.997215270996094,7.757587216550266e-14
1599726944661,-149.2828369140625,32.98915481567383,8.107545208294427e-14
1599726944663,-149.28179931640625,32.98362731933594,8.17753680664326e-14
1599726944665,-149.28265380859375,32.980079650878906,8.227530805463854e-14
1599726944667,-149.35888671875,32.94466018676758,4.3846578921523235e-15
1599726944667,-149.27877807617188,32.980709075927734,7.587607620560245e-14
1599726944669,-149.2835693359375,32.97479248046875,8.037553609945595e-14
1599726944671,-149.28407287597656,32.970558166503906,8.207533205935616e-14
1599726944673,-149.28436279296875,32.96757507324219,8.307521203576805e-14
1599726944675,-149.2853240966797,32.964569091796875,8.367514002161519e-14
1599726944677,-149.28636169433594,32.96182632446289,8.347516402633281e-14
1599726944679,-149.28811645507812,32.95930099487305,8.407509201217994e-14
1599726944681,-149.28985595703125,32.95683288574219,8.377512801925638e-14
1599726944683,-149.2917022705078,32.95513916015625,8.467501999802708e-14
1599726944685,-149.29339599609375,32.95266342163086,8.547492397915659e-14
1599726944687,-149.29531860351562,32.95058822631836,8.507497198859183e-14
1599726944689,-149.2970428466797,32.949188232421875,8.577488797208016e-14
1599726944691,-149.30039978027344,32.94639587402344,8.53749359815154e-14
1599726944693,-149.30307006835938,32.94608688354492,8.607485196500372e-14
1599726944695,-149.3053436279297,32.9462776184082,8.747468393198037e-14
1599726944697,-149.30763244628906,32.945960998535156,8.837457591075107e-14
1599726944699,-149.30995178222656,32.9454460144043,8.927446788952177e-14
1599726944701,-149.3120880126953,32.944950103759766,8.937445588716296e-14
1599726944703,-149.3153076171875,32.945068359375,9.137421583998674e-14
1599726944705,-149.3175811767578,32.94516372680664,9.337397579281052e-14
1599726944707,-149.31932067871094,32.943668365478516,9.17741678305515e-14
1599726944709,-149.32174682617188,32.943729400634766,9.317399979752814e-14
1599726944711,-149.32444763183594,32.94379806518555,9.287403580460457e-14
1599726944711,-149.24131774902344,32.78801345825195,2.184921944046166e-15
1599726944713,-149.32687377929688,32.9438591003418,9.497378375506954e-14
1599726944713,-149.24131774902344,32.788021087646484,1.684981955840221e-15
1599726944715,-149.32945251464844,32.94392776489258,9.467381976214598e-14
1599726944717,-149.33175659179688,32.94398498535156,9.617363972676381e-14
1599726944719,-149.33363342285156,32.944026947021484,9.617363972676381e-14
1599726944721,-149.33663940429688,32.944087982177734,9.677356771261094e-14
1599726944723,-149.33262634277344,32.937191009521484,1.0407269154041774e-13
1599726944725,-149.34005737304688,32.944156646728516,9.817339967958759e-14
1599726944727,-149.34178161621094,32.94419479370117,9.89733036607171e-14
1599726944729,-149.34329223632812,32.944217681884766,9.887331566307591e-14
1599726944731,-149.34474182128906,32.94424057006836,9.89733036607171e-14
1599726944733,-149.34613037109375,32.94426345825195,9.917327965599948e-14
1599726944735,-149.3473358154297,32.944278717041016,9.947324364892305e-14
1599726944737,-149.34811401367188,32.94428634643555,1.007730876182585e-13
1599726944739,-149.34967041015625,32.9443244934082,9.98731956394878e-14
1599726944741,-149.3510284423828,32.94436264038086,9.98731956394878e-14
1599726944743,-149.35179138183594,32.94438934326172,1.0037313562769375e-13
1599726944745,-149.35244750976562,32.94440841674805,1.0127302760646445e-13
1599726944747,-149.35400390625,32.94445037841797,1.0037313562769375e-13
1599726944749,-149.3541717529297,32.9444580078125,1.0117303960882326e-13
1599726944751,-149.3551483154297,32.94448471069336,1.0127302760646445e-13
1599726944753,-149.3553924560547,32.944496154785156,1.0147300360174683e-13
1599726944755,-149.35595703125,32.94451141357422,1.0087307561589969e-13
1599726944757,-149.356689453125,32.94453430175781,1.0127302760646445e-13
1599726944759,-149.35888671875,32.94459915161133,9.887331566307591e-14
1599726944761,-149.35728454589844,32.944583892822266,1.007730876182585e-13
1599726944763,-149.3588409423828,32.94464111328125,9.917327965599948e-14
1599726944765,-149.35882568359375,32.94466018676758,9.997318363712899e-14
1599726944766,-149.3588104248047,32.944679260253906,9.947324364892305e-14
1599726944769,-149.35882568359375,32.944679260253906,9.907329165835829e-14
1599726944771,-149.35885620117188,32.944671630859375,9.917327965599948e-14
1599726944773,-149.35235595703125,32.93815612792969,1.0547252350739439e-13
1599726944774,-149.35308837890625,32.938777923583984,1.0477260752390606e-13
1599726944777,-149.35218811035156,32.937744140625,1.0487259552154725e-13
1599726944779,-149.35208129882812,32.93754577636719,1.0307281156400585e-13
1599726944781,-149.35890197753906,32.944637298583984,9.587367573384024e-14
1599726944782,-149.3523712158203,32.93785858154297,1.0097306361354088e-13
1599726944784,-149.35885620117188,32.94462203979492,9.327398779516933e-14
1599726944787,-149.35882568359375,32.94461441040039,9.097426384942198e-14
1599726944789,-149.351806640625,32.93730926513672,9.547372374327549e-14
1599726944790,-149.35182189941406,32.937320709228516,9.217411982111625e-14
1599726944792,-149.35150146484375,32.933868408203125,9.247408381403982e-14
1599726944794,-149.3507537841797,32.93045425415039,9.297402380224576e-14
1599726944797,-149.35061645507812,32.92641830444336,9.407389177629884e-14
1599726944798,-149.3500213623047,32.92144775390625,9.53737357456343e-14
1599726944800,-149.3502960205078,32.918846130371094,9.557371174091668e-14
1599726944802,-149.3484649658203,32.91326141357422,9.727350770081689e-14
1599726944804,-149.34803771972656,32.90933609008789,9.777344768902283e-14
1599726944806,-149.3478546142578,32.90446090698242,1.0047312362533494e-13
1599726944808,-149.3468780517578,32.9024772644043,9.887331566307591e-14
1599726944810,-149.34744262695312,32.90045166015625,9.917327965599948e-14
1599726944812,-149.34764099121094,32.89822006225586,9.867333966779353e-14
1599726944814,-149.3468780517578,32.89570617675781,1.0097306361354088e-13
1599726944816,-149.34657287597656,32.893226623535156,9.98731956394878e-14
1599726944818,-149.34600830078125,32.891666412353516,9.947324364892305e-14
1599726944820,-149.34756469726562,32.89146041870117,9.827338767722878e-14
1599726944822,-149.3472137451172,32.88802719116211,9.887331566307591e-14
1599726944824,-149.3462677001953,32.885189056396484,9.837337567486997e-14
1599726944826,-149.34698486328125,32.8847770690918,9.797342368430521e-14
1599726944828,-149.3450927734375,32.882781982421875,9.98731956394878e-14
1599726944830,-149.34681701660156,32.88203430175781,9.687355571025213e-14
1599726944832,-149.34642028808594,32.88010787963867,9.747348369609927e-14
1599726944834,-149.3480987548828,32.88011169433594,9.587367573384024e-14
1599726944836,-149.34783935546875,32.87839889526367,9.44738437668636e-14
1599726944838,-149.3458709716797,32.87556457519531,9.697354370789332e-14
1599726944840,-149.3455810546875,32.8741569519043,9.567369973855787e-14
1599726944842,-149.3450927734375,32.872764587402344,9.577368773619905e-14
1599726944844,-149.34693908691406,32.87351989746094,9.437385576922241e-14
1599726944846,-149.3467254638672,32.872398376464844,9.347396379045171e-14
1599726944848,-149.34658813476562,32.871620178222656,9.437385576922241e-14
1599726944850,-149.34632873535156,32.869964599609375,9.35739517880929e-14
1599726944852,-149.34616088867188,32.868934631347656,9.297402380224576e-14
1599726944854,-149.3459014892578,32.86737823486328,9.247408381403982e-14
1599726944856,-149.3459014892578,32.86738967895508,9.397390377865765e-14
1599726944858,-149.34591674804688,32.86740493774414,9.387391578101646e-14
1599726944860,-149.34591674804688,32.86741638183594,9.427386777158122e-14
1599726944862,-149.34591674804688,32.867427825927734,9.457383176450479e-14
1599726944864,-149.34593200683594,32.86743927001953,9.497378375506954e-14
1599726944866,-149.34593200683594,32.86745071411133,9.497378375506954e-14
1599726944868,-149.34593200683594,32.867454528808594,9.53737357456343e-14
1599726944870,-149.34591674804688,32.86745071411133,9.607365172912262e-14
1599726944872,-149.3459014892578,32.8674430847168,9.6273627724405e-14
1599726944874,-149.34588623046875,32.86743927001953,9.53737357456343e-14
1599726944876,-149.34588623046875,32.867431640625,9.607365172912262e-14
1599726944878,-149.3458709716797,32.86742401123047,9.577368773619905e-14
1599726944880,-149.3459014892578,32.867408752441406,9.647360371968738e-14
1599726944882,-149.34591674804688,32.86739730834961,9.677356771261094e-14
1599726944884,-149.34593200683594,32.86738586425781,9.677356771261094e-14
1599726944886,-149.345947265625,32.867374420166016,9.647360371968738e-14
1599726944888,-149.345947265625,32.86737060546875,9.637361572204619e-14
1599726944890,-149.34591674804688,32.86738204956055,9.577368773619905e-14
1599726944892,-149.3459014892578,32.86738967895508,9.597366373148143e-14
1599726944894,-149.3458709716797,32.867401123046875,9.657359171732857e-14
1599726944896,-149.34584045410156,32.86741256713867,9.44738437668636e-14
1599726944898,-149.34584045410156,32.867427825927734,9.53737357456343e-14
1599726944900,-149.34585571289062,32.867454528808594,9.427386777158122e-14
1599726944902,-149.34588623046875,32.86748123168945,9.437385576922241e-14
1599726944904,-149.34591674804688,32.86750793457031,9.407389177629884e-14
1599726944906,-149.345947265625,32.86753463745117,9.407389177629884e-14
1599726944908,-149.34596252441406,32.867549896240234,9.287403580460457e-14
1599726944910,-149.34593200683594,32.86752700805664,9.227410781875744e-14
1599726944912,-149.34768676757812,32.86754608154297,9.317399979752814e-14
1599726944914,-149.3459014892578,32.86748123168945,9.037433586357485e-14
1599726944916,-149.348388671875,32.86751937866211,9.197414382583387e-14
1599726944918,-149.3480682373047,32.86750030517578,9.037433586357485e-14
1599726944920,-149.34774780273438,32.86750793457031,8.857455190603345e-14
1599726944922,-149.34799194335938,32.867530822753906,8.637481595792729e-14
1599726944924,-149.34815979003906,32.8675537109375,8.417508000982113e-14
1599726944925,-149.34857177734375,32.86501693725586,8.527494798387421e-14
1599726944928,-149.34774780273438,32.861167907714844,8.607485196500372e-14
1599726944930,-149.3480682373047,32.85822296142578,8.697474394377442e-14
1599726944932,-149.34628295898438,32.85427474975586,8.667477995085086e-14
1599726944934,-149.34580993652344,32.85022735595703,8.637481595792729e-14
1599726944935,-149.34707641601562,32.84476852416992,8.89745038965982e-14
1599726944938,-149.34695434570312,32.840248107910156,8.89745038965982e-14
1599726944940,-149.34613037109375,32.83241653442383,9.217411982111625e-14
1599726944942,-149.3453369140625,32.828880310058594,9.26740598093222e-14
1599726944943,-149.34571838378906,32.82719421386719,9.057431185885723e-14
1599726944946,-149.3455352783203,32.82331085205078,9.007437187065128e-14
1599726944948,-149.34625244140625,32.82041931152344,9.107425184706317e-14
1599726944950,-149.34658813476562,32.81721115112305,9.187415582819268e-14
1599726944951,-149.34756469726562,32.81508255004883,9.26740598093222e-14
1599726944953,-149.34771728515625,32.81273651123047,9.127422784234555e-14
1599726944956,-149.3487091064453,32.811485290527344,9.237409581639863e-14
1599726944958,-149.3496551513672,32.809051513671875,9.287403580460457e-14
1599726944959,-149.35118103027344,32.80772399902344,9.287403580460457e-14
1599726944961,-149.35272216796875,32.806251525878906,9.257407181168101e-14
1599726944963,-149.3546905517578,32.80509948730469,9.157419183526912e-14
1599726944966,-149.35658264160156,32.80337905883789,9.217411982111625e-14
1599726944967,-149.3574981689453,32.802154541015625,9.147420383762793e-14
1599726944969,-149.36029052734375,32.800601959228516,9.127422784234555e-14
1599726944971,-149.3628692626953,32.79985427856445,9.207413182347506e-14
1599726944973,-149.3654327392578,32.79854965209961,9.317399979752814e-14
1599726944975,-149.36639404296875,32.79603958129883,8.977440787772772e-14
1599726944977,-149.3698272705078,32.79539489746094,9.16741798329103e-14
1599726944979,-149.37254333496094,32.794307708740234,9.067429985649842e-14
1599726944981,-149.37557983398438,32.79313659667969,9.107425184706317e-14
1599726944983,-149.3795166015625,32.79140090942383,9.097426384942198e-14
1599726944985,-149.38221740722656,32.791473388671875,9.107425184706317e-14
1599726944987,-149.3845977783203,32.791534423828125,9.187415582819268e-14
1599726944989,-149.38722229003906,32.7916145324707,9.277404780696338e-14
1599726944991,-149.30764770507812,32.63633728027344,2.484885936969733e-15
1599726944991,-149.3892822265625,32.79167938232422,9.317399979752814e-14
1599726944993,-149.39151000976562,32.791748046875,9.457383176450479e-14
1599726944993,-149.30160522460938,32.59950256347656,3.9847059015875675e-15
1599726944995,-149.39410400390625,32.79182434082031,9.417387977394003e-14
1599726944997,-149.3959197998047,32.79188537597656,9.44738437668636e-14
1599726944999,-149.39772033691406,32.791900634765625,9.457383176450479e-14
1599726945001,-149.39976501464844,32.79192352294922,9.547372374327549e-14
1599726945003,-149.4010009765625,32.79192352294922,9.617363972676381e-14
1599726945005,-149.39707946777344,32.784175872802734,1.026728595734411e-13
1599726945007,-149.40452575683594,32.791954040527344,9.587367573384024e-14
1599726945009,-149.40672302246094,32.79200744628906,9.607365172912262e-14
1599726945011,-149.4075927734375,32.79203414916992,9.577368773619905e-14
1599726945013,-149.40829467773438,32.792057037353516,9.667357971496975e-14
1599726945015,-149.40953063964844,32.792091369628906,9.677356771261094e-14
1599726945017,-149.41114807128906,32.79213333129883,9.557371174091668e-14
1599726945019,-149.41217041015625,32.79216766357422,9.667357971496975e-14
1599726945021,-149.4126739501953,32.79219436645508,9.667357971496975e-14
1599726945023,-149.41311645507812,32.79221725463867,9.607365172912262e-14
1599726945025,-149.4142303466797,32.79225540161133,9.637361572204619e-14
1599726945027,-149.41529846191406,32.792293548583984,9.527374774799311e-14
1599726945029,-149.41561889648438,32.792293548583984,9.577368773619905e-14
1599726945031,-149.41656494140625,32.79230880737305,9.507377175271073e-14
1599726945033,-149.41700744628906,32.79230880737305,9.477380775978716e-14
1599726945035,-149.4176483154297,32.79231262207031,9.53737357456343e-14
1599726945037,-149.41786193847656,32.79230880737305,9.417387977394003e-14
1599726945039,-149.4183807373047,32.79233932495117,9.337397579281052e-14
1599726945041,-149.41885375976562,32.79236602783203,9.26740598093222e-14
1599726945043,-149.41978454589844,32.79240798950195,9.227410781875744e-14
1599726945045,-149.4199981689453,32.79243469238281,9.217411982111625e-14
1599726945047,-149.4202423095703,32.792457580566406,9.117423984470436e-14
1599726945049,-149.4209442138672,32.79248809814453,9.047432386121604e-14
1599726945051,-149.4211883544922,32.79250717163086,8.887451589895701e-14
1599726945053,-149.42160034179688,32.79252624511719,8.787463592254512e-14
1599726945055,-149.42251586914062,32.79256057739258,8.71747199390568e-14
1599726945057,-149.4249267578125,32.79262924194336,8.367514002161519e-14
1599726945059,-149.3330535888672,32.79047393798828,1.884957951122599e-15
1599726945059,-149.42494201660156,32.79261016845703,8.157539207115022e-14
1599726945061,-149.41285705566406,32.78215789794922,8.957443188244534e-14
1599726945063,-149.42295837402344,32.79250717163086,7.947564412068525e-14
1599726945065,-149.41363525390625,32.78060531616211,8.307521203576805e-14
1599726945067,-149.4143524169922,32.77722930908203,8.467501999802708e-14
1599726945069,-149.4112548828125,32.76899337768555,8.647480395556848e-14
1599726945071,-149.41384887695312,32.76901626586914,8.487499599330945e-14
1599726945073,-149.41152954101562,32.763214111328125,8.757467192962156e-14
1599726945075,-149.41184997558594,32.75811767578125,8.787463592254512e-14
1599726945077,-149.41110229492188,32.75310516357422,8.867453990367464e-14
1599726945079,-149.41091918945312,32.74897766113281,8.907449189423939e-14
1599726945081,-149.4102783203125,32.744659423828125,9.08742758517808e-14
1599726945083,-149.40689086914062,32.73629379272461,9.207413182347506e-14
1599726945085,-149.40689086914062,32.734066009521484,9.247408381403982e-14
1599726945087,-149.4086151123047,32.73466873168945,9.097426384942198e-14
1599726945089,-149.4089813232422,32.7331657409668,9.047432386121604e-14
1599726945091,-149.4081268310547,32.730003356933594,9.117423984470436e-14
1599726945093,-149.40948486328125,32.730228424072266,8.98743958753689e-14
1599726945094,-149.4081268310547,32.726863861083984,9.017435986829247e-14
1599726945097,-149.40814208984375,32.725746154785156,8.997438387301009e-14
1599726945099,-149.4070281982422,32.7245979309082,9.067429985649842e-14
1599726945101,-149.40872192382812,32.72447204589844,8.877452790131583e-14
1599726945103,-149.40756225585938,32.72249984741211,8.98743958753689e-14
1599726945105,-149.4088134765625,32.72255325317383,8.837457591075107e-14
1599726945107,-149.40765380859375,32.72098159790039,8.887451589895701e-14
1599726945109,-149.40737915039062,32.71989822387695,8.797462392018631e-14
1599726945111,-149.4098358154297,32.72132110595703,8.557491197679778e-14
1599726945112,-149.41041564941406,32.72086715698242,8.517495998623302e-14
1599726945115,-149.4083251953125,32.71861267089844,8.707473194141561e-14
1599726945117,-149.40846252441406,32.717857360839844,8.677476794849205e-14
1599726945119,-149.40811157226562,32.71726608276367,8.677476794849205e-14
1599726945120,-149.407958984375,32.71665573120117,8.707473194141561e-14
1599726945122,-149.40708923339844,32.71546936035156,8.697474394377442e-14
1599726945125,-149.407958984375,32.713802337646484,8.407509201217994e-14
1599726945127,-149.41018676757812,32.71543502807617,8.247528404992092e-14
1599726945128,-149.40997314453125,32.71543884277344,8.337517602869162e-14
1599726945130,-149.4101104736328,32.71546173095703,8.367514002161519e-14
1599726945132,-149.409423828125,32.71348571777344,8.44750440027447e-14
1599726945135,-149.4099884033203,32.71394729614258,8.307521203576805e-14
1599726945136,-149.40948486328125,32.713592529296875,8.427506800746232e-14
1599726945138,-149.41207885742188,32.715545654296875,8.257527204756211e-14
1599726945140,-149.41009521484375,32.71401596069336,8.457503200038589e-14
1599726945143,-149.40988159179688,32.71383285522461,8.507497198859183e-14
1599726945144,-149.4120330810547,32.715431213378906,8.347516402633281e-14
1599726945146,-149.41004943847656,32.71391296386719,8.517495998623302e-14
1599726945148,-149.4100341796875,32.713890075683594,8.607485196500372e-14
1599726945150,-149.4120330810547,32.71541976928711,8.44750440027447e-14
1599726945152,-149.4120635986328,32.715450286865234,8.497498399095064e-14
1599726945154,-149.41207885742188,32.71548080444336,8.527494798387421e-14
1599726945156,-149.4099884033203,32.71390914916992,8.707473194141561e-14
1599726945158,-149.412109375,32.71553421020508,8.457503200038589e-14
1599726945160,-149.412109375,32.715553283691406,8.467501999802708e-14
1599726945162,-149.41209411621094,32.715572357177734,8.497498399095064e-14
1599726945164,-149.41207885742188,32.71559143066406,8.527494798387421e-14
1599726945166,-149.41207885742188,32.71561050415039,8.567489997443897e-14
1599726945168,-149.41207885742188,32.715614318847656,8.507497198859183e-14
1599726945170,-149.41209411621094,32.715606689453125,8.477500799566827e-14
1599726945172,-149.41212463378906,32.71559524536133,8.567489997443897e-14
1599726945174,-149.41213989257812,32.71558380126953,8.517495998623302e-14
1599726945176,-149.4121551513672,32.715572357177734,8.44750440027447e-14
1599726945178,-149.4121551513672,32.71556091308594,8.417508000982113e-14
1599726945180,-149.41212463378906,32.715545654296875,8.407509201217994e-14
1599726945182,-149.412109375,32.71553039550781,8.327518803105043e-14
1599726945184,-149.4141082763672,32.71556091308594,8.467501999802708e-14
1599726945186,-149.41204833984375,32.71549987792969,8.247528404992092e-14
1599726945188,-149.4120330810547,32.71549987792969,8.157539207115022e-14
1599726945190,-149.4120330810547,32.71552276611328,8.057551209473833e-14
1599726945192,-149.4120330810547,32.715545654296875,7.887571613483812e-14
1599726945194,-149.41404724121094,32.715614318847656,7.967562011596763e-14
1599726945196,-149.4142303466797,32.715641021728516,7.817580015134979e-14
1599726945198,-149.4120330810547,32.715599060058594,7.407629224806104e-14
1599726945200,-149.4143524169922,32.71204376220703,7.787583615842623e-14
1599726945202,-149.41319274902344,32.70902633666992,7.697594417965553e-14
1599726945204,-149.41259765625,32.70473861694336,7.857575214191455e-14
1599726945206,-149.4115753173828,32.7001953125,7.837577614663217e-14
1599726945208,-149.4130859375,32.6943359375,8.047552409709714e-14
1599726945210,-149.40994262695312,32.687782287597656,8.08754760876619e-14
1599726945212,-149.41046142578125,32.67888641357422,8.527494798387421e-14
1599726945214,-149.4105682373047,32.677249908447266,8.377512801925638e-14
1599726945216,-149.40826416015625,32.673160552978516,8.117544008058546e-14
1599726945218,-149.40945434570312,32.66664505004883,8.307521203576805e-14
1599726945220,-149.40890502929688,32.66184616088867,8.517495998623302e-14
1599726945222,-149.4091339111328,32.658042907714844,8.507497198859183e-14
1599726945224,-149.40919494628906,32.654727935791016,8.607485196500372e-14
1599726945226,-149.407958984375,32.65181350708008,8.44750440027447e-14
1599726945228,-149.40985107421875,32.649784088134766,8.697474394377442e-14
1599726945230,-149.4102325439453,32.64798355102539,8.677476794849205e-14
1599726945232,-149.41067504882812,32.646244049072266,8.707473194141561e-14
1599726945234,-149.41131591796875,32.644142150878906,8.677476794849205e-14
1599726945236,-149.41192626953125,32.64272689819336,8.677476794849205e-14
1599726945238,-149.4135284423828,32.64080047607422,8.587487596972134e-14
1599726945240,-149.41566467285156,32.64141082763672,8.757467192962156e-14
1599726945242,-149.41683959960938,32.64146041870117,8.827458791310988e-14
1599726945244,-149.4183349609375,32.64082717895508,8.867453990367464e-14
1599726945246,-149.4208984375,32.64064407348633,9.017435986829247e-14
1599726945248,-149.4210205078125,32.639129638671875,8.827458791310988e-14
1599726945250,-149.42373657226562,32.63918685913086,8.867453990367464e-14
1599726945252,-149.42694091796875,32.639259338378906,9.007437187065128e-14
1599726945254,-149.42967224121094,32.63931655883789,8.977440787772772e-14
1599726945256,-149.4327392578125,32.63938522338867,9.107425184706317e-14
1599726945258,-149.4910888671875,32.6407356262207,3.708073312082112e-14
1599726945258,-149.39935302734375,32.63860321044922,5.467862070567038e-14
1599726945260,-149.43905639648438,32.63951873779297,9.187415582819268e-14
1599726945262,-149.4425506591797,32.63959503173828,9.237409581639863e-14
1599726945263,-149.4459228515625,32.63966751098633,9.397390377865765e-14
1599726945266,-149.4488983154297,32.639732360839844,9.367393978573409e-14
1599726945266,-149.37393188476562,32.48495101928711,1.78496995348141e-15
1599726945268,-149.4525146484375,32.63981628417969,9.377392778337527e-14
1599726945268,-149.37391662597656,32.48495101928711,1.584993958199032e-15
1599726945270,-149.4547882080078,32.6399040222168,9.287403580460457e-14
1599726945270,-149.37393188476562,32.4849853515625,2.5848739346109218e-15
1599726945271,-149.45802307128906,32.6400146484375,9.487379575742835e-14
1599726945271,-149.3687286376953,32.45332717895508,4.7846098827170794e-15
1599726945274,-149.46109008789062,32.64012145996094,9.44738437668636e-14
1599726945276,-149.46380615234375,32.64021682739258,9.53737357456343e-14
1599726945278,-149.46669006347656,32.640316009521484,9.487379575742835e-14
1599726945280,-149.46926879882812,32.640384674072266,9.507377175271073e-14
1599726945281,-149.4712677001953,32.640438079833984,9.547372374327549e-14
1599726945284,-149.4735107421875,32.640499114990234,9.607365172912262e-14
1599726945286,-149.47555541992188,32.64055633544922,9.567369973855787e-14
1599726945288,-149.4774932861328,32.64060974121094,9.667357971496975e-14
1599726945289,-149.47959899902344,32.640663146972656,9.557371174091668e-14
1599726945291,-149.481201171875,32.640708923339844,9.547372374327549e-14
1599726945294,-149.48178100585938,32.64072799682617,9.547372374327549e-14
1599726945296,-149.4832763671875,32.640769958496094,9.497378375506954e-14
1599726945297,-149.48451232910156,32.640804290771484,9.44738437668636e-14
1599726945299,-149.485107421875,32.64079666137695,9.467381976214598e-14
1599726945301,-149.4862823486328,32.64080810546875,9.517375975035192e-14
1599726945304,-149.48728942871094,32.640811920166016,9.44738437668636e-14
1599726945305,-149.4873809814453,32.64079666137695,9.44738437668636e-14
1599726945307,-149.48751831054688,32.64078140258789,9.467381976214598e-14
1599726945309,-149.4887237548828,32.64080047607422,9.307401179988695e-14
1599726945312,-149.49102783203125,32.64084243774414,9.137421583998674e-14
1599726945313,-149.4910125732422,32.64083480834961,9.197414382583387e-14
1599726945315,-149.49098205566406,32.64082336425781,9.157419183526912e-14
1599726945317,-149.490966796875,32.640811920166016,9.16741798329103e-14
1599726945319,-149.490966796875,32.640811920166016,9.16741798329103e-14
1599726945321,-149.49098205566406,32.640811920166016,9.08742758517808e-14
1599726945323,-149.49099731445312,32.64080810546875,9.147420383762793e-14
1599726945325,-149.48184204101562,32.631591796875,9.967321964420542e-14
1599726945327,-149.49102783203125,32.64080810546875,9.07742878541396e-14
1599726945329,-149.4910430908203,32.64082336425781,8.947444388480415e-14
1599726945331,-149.4910430908203,32.64083480834961,8.827458791310988e-14
1599726945333,-149.49105834960938,32.64085006713867,8.727470793669799e-14
1599726945335,-149.49107360839844,32.640865325927734,8.527494798387421e-14
1599726945337,-149.48355102539062,32.63285446166992,8.98743958753689e-14
1599726945339,-149.4822998046875,32.6317253112793,8.847456390839226e-14
1599726945341,-149.47898864746094,32.623661041259766,8.98743958753689e-14
1599726945343,-149.47900390625,32.62052536010742,9.007437187065128e-14
1599726945345,-149.48123168945312,32.6208381652832,8.797462392018631e-14
1599726945347,-149.47862243652344,32.61212158203125,9.07742878541396e-14
1599726945349,-149.479736328125,32.610042572021484,9.057431185885723e-14
1599726945351,-149.4786834716797,32.6046028137207,9.137421583998674e-14
1599726945353,-149.47811889648438,32.59844970703125,9.197414382583387e-14
1599726945355,-149.4748992919922,32.58964157104492,9.487379575742835e-14
1599726945357,-149.476318359375,32.588523864746094,9.437385576922241e-14
1599726945359,-149.47718811035156,32.585208892822266,9.247408381403982e-14
1599726945361,-149.4760284423828,32.581722259521484,9.517375975035192e-14
1599726945363,-149.47540283203125,32.57878875732422,9.44738437668636e-14
1599726945365,-149.47509765625,32.57618713378906,9.397390377865765e-14
1599726945367,-149.47418212890625,32.57347869873047,9.477380775978716e-14
1599726945369,-149.47537231445312,32.572750091552734,9.407389177629884e-14
1599726945371,-149.4748992919922,32.570682525634766,9.44738437668636e-14
1599726945373,-149.47462463378906,32.56947326660156,9.477380775978716e-14
1599726945375,-149.4747772216797,32.56816101074219,9.387391578101646e-14
1599726945377,-149.47422790527344,32.566768646240234,9.337397579281052e-14
1599726945379,-149.4744415283203,32.5663948059082,9.307401179988695e-14
1599726945381,-149.4740753173828,32.565757751464844,9.277404780696338e-14
1599726945383,-149.47434997558594,32.5648078918457,9.257407181168101e-14
1599726945385,-149.47450256347656,32.564125061035156,9.157419183526912e-14
1599726945387,-149.47607421875,32.56373596191406,8.957443188244534e-14
1599726945389,-149.47552490234375,32.561988830566406,8.787463592254512e-14
1599726945391,-149.47488403320312,32.5615119934082,8.917447989188058e-14
1599726945393,-149.4748992919922,32.5615348815918,8.927446788952177e-14
1599726945395,-149.47662353515625,32.564083099365234,8.907449189423939e-14
1599726945397,-149.47592163085938,32.56233596801758,8.847456390839226e-14
1599726945399,-149.4761505126953,32.562503814697266,8.967441988008653e-14
1599726945401,-149.4759979248047,32.56238555908203,8.867453990367464e-14
1599726945403,-149.4762725830078,32.562583923339844,8.877452790131583e-14
1599726945405,-149.4763946533203,32.56268310546875,8.827458791310988e-14
1599726945407,-149.47581481933594,32.56224060058594,8.907449189423939e-14
1599726945409,-149.47828674316406,32.56410598754883,8.707473194141561e-14
1599726945411,-149.4763946533203,32.56268310546875,8.857455190603345e-14
1599726945413,-149.47828674316406,32.56411361694336,8.617483996264491e-14
1599726945415,-149.4761962890625,32.562538146972656,8.837457591075107e-14
1599726945417,-149.4759521484375,32.56235885620117,8.847456390839226e-14
1599726945419,-149.478271484375,32.5640983581543,8.62748279602861e-14
1599726945421,-149.47825622558594,32.56406021118164,8.62748279602861e-14
1599726945423,-149.47824096679688,32.56402587890625,8.677476794849205e-14
1599726945425,-149.4782257080078,32.563987731933594,8.667477995085086e-14
1599726945427,-149.47821044921875,32.5639533996582,8.53749359815154e-14
1599726945429,-149.4781951904297,32.563961029052734,8.567489997443897e-14
1599726945431,-149.47817993164062,32.563987731933594,8.517495998623302e-14
1599726945432,-149.47817993164062,32.56401443481445,8.507497198859183e-14
1599726945435,-149.47816467285156,32.56404495239258,8.577488797208016e-14
1599726945437,-149.47816467285156,32.56407165527344,8.477500799566827e-14
1599726945439,-149.47816467285156,32.564083099365234,8.587487596972134e-14
1599726945440,-149.47817993164062,32.5640869140625,8.437505600510351e-14
1599726945443,-149.47817993164062,32.564090728759766,8.497498399095064e-14
1599726945445,-149.4781951904297,32.56409454345703,8.397510401453875e-14
1599726945447,-149.47821044921875,32.5640983581543,8.3575152023974e-14
1599726945448,-149.4782257080078,32.56410598754883,8.3575152023974e-14
1599726945450,-149.4782257080078,32.564117431640625,8.307521203576805e-14
1599726945453,-149.4782257080078,32.56412887573242,8.317520003340924e-14
1599726945455,-149.47824096679688,32.56413650512695,8.127542807822665e-14
1599726945457,-149.47824096679688,32.56414794921875,8.127542807822665e-14
1599726945458,-149.47825622558594,32.56413269042969,7.977560811360882e-14
1599726945460,-149.47825622558594,32.56410598754883,7.937565612304406e-14
1599726945463,-149.478271484375,32.5640754699707,7.787583615842623e-14
1599726945465,-149.478271484375,32.56404495239258,7.597606420324364e-14
1599726945466,-149.47828674316406,32.56401443481445,7.497618422683175e-14
1599726945468,-149.47828674316406,32.564029693603516,7.437625624098461e-14
1599726945470,-149.478271484375,32.56407165527344,7.217652029287845e-14
1599726945473,-149.47825622558594,32.564117431640625,7.057671233061943e-14
1599726945474,-149.47825622558594,32.56416320800781,6.837697638251327e-14
1599726945476,-149.47752380371094,32.559852600097656,6.957683235420754e-14
1599726945478,-149.4770965576172,32.557395935058594,6.947684435656635e-14
1599726945481,-149.4762725830078,32.55248260498047,7.037673633533705e-14
1599726945482,-149.47560119628906,32.5484504699707,7.017676034005467e-14
1599726945486,-149.4761505126953,32.53866195678711,7.247648428580202e-14
1599726945490,-149.4717254638672,32.52532196044922,7.117664031646656e-14
1599726945492,-149.47068786621094,32.5191650390625,7.187655629995489e-14
1599726945494,-149.4697265625,32.513397216796875,7.107665231882538e-14
1599726945496,-149.46897888183594,32.50896072387695,7.197654429759608e-14
1599726945498,-149.47154235839844,32.50349426269531,7.35763522598551e-14
1599726945500,-149.46759033203125,32.50053024291992,6.967682035184873e-14
1599726945502,-149.4730682373047,32.498207092285156,7.367634025749629e-14
1599726945504,-149.47105407714844,32.49455642700195,7.337637626457272e-14
1599726945506,-149.47064208984375,32.49136734008789,7.097666432118419e-14
1599726945508,-149.4711151123047,32.4896240234375,7.017676034005467e-14
1599726945510,-149.4710693359375,32.48752975463867,6.99767843447723e-14
1599726945512,-149.4730987548828,32.48756408691406,7.117664031646656e-14
1599726945514,-149.4751434326172,32.48955535888672,7.287643627636678e-14
1599726945516,-149.4737548828125,32.487552642822266,7.207653229523727e-14
1599726945518,-149.4753875732422,32.487586975097656,7.187655629995489e-14
1599726945520,-149.47589111328125,32.48760986328125,7.17765683023137e-14
1599726945522,-149.4768524169922,32.487640380859375,7.187655629995489e-14
1599726945524,-149.47987365722656,32.48772430419922,7.287643627636678e-14
1599726945526,-149.48043823242188,32.48774719238281,7.147660430939013e-14
1599726945528,-149.4832000732422,32.487815856933594,7.257647228344321e-14
1599726945530,-149.4853973388672,32.487857818603516,7.237649628816083e-14
1599726945532,-149.4873504638672,32.48789978027344,7.167658030467251e-14
1599726945534,-149.49093627929688,32.48797607421875,7.247648428580202e-14
1599726945536,-149.49343872070312,32.48802947998047,7.257647228344321e-14
1599726945538,-149.49539184570312,32.48807144165039,7.157659230703132e-14
1599726945540,-149.4989776611328,32.488155364990234,7.237649628816083e-14
1599726945542,-149.5015411376953,32.48822021484375,7.327638826693153e-14
1599726945544,-149.50567626953125,32.488319396972656,7.17765683023137e-14
1599726945546,-149.5092010498047,32.4884033203125,7.217652029287845e-14
1599726945548,-149.5120391845703,32.488468170166016,7.277644827872559e-14
1599726945550,-149.51536560058594,32.488548278808594,7.257647228344321e-14
1599726945552,-149.51824951171875,32.48861312866211,7.17765683023137e-14
1599726945554,-149.52098083496094,32.488677978515625,7.157659230703132e-14
1599726945556,-149.52468872070312,32.488765716552734,7.147660430939013e-14
1599726945556,-149.4401092529297,32.33415603637695,1.584993958199032e-15
1599726945558,-149.52783203125,32.48884201049805,7.117664031646656e-14
1599726945558,-149.4401092529297,32.334163665771484,2.084933946404977e-15
1599726945558,-149.4150848388672,32.18135452270508,1.584993958199032e-15
1599726945560,-149.5303497314453,32.488922119140625,7.157659230703132e-14
1599726945562,-149.5331268310547,32.48900604248047,7.007677234241349e-14
1599726945564,-149.53526306152344,32.48907470703125,7.057671233061943e-14
1599726945566,-149.5379180908203,32.48915481567383,6.90768923660016e-14
1599726945568,-149.54022216796875,32.48921585083008,6.927686836128397e-14
1599726945570,-149.54263305664062,32.48924255371094,6.947684435656635e-14
1599726945572,-149.54409790039062,32.4892463684082,6.957683235420754e-14
1599726945574,-149.54559326171875,32.489253997802734,6.977680834948992e-14
1599726945576,-149.5474090576172,32.4892692565918,6.947684435656635e-14
1599726945578,-149.54876708984375,32.489280700683594,6.877692837307803e-14
1599726945580,-149.55001831054688,32.489315032958984,6.827698838487208e-14
1599726945582,-149.55111694335938,32.48934555053711,6.847696438015446e-14
1599726945584,-149.55270385742188,32.48938751220703,6.747708440374257e-14
1599726945586,-149.55313110351562,32.489402770996094,6.697714441553663e-14
1599726945588,-149.5538787841797,32.48942565917969,6.657719242497187e-14
1599726945590,-149.55706787109375,32.489501953125,6.387751648865977e-14
1599726945592,-149.55706787109375,32.489501953125,6.397750448630096e-14
1599726945594,-149.5570526123047,32.489501953125,6.35775524957362e-14
1599726945596,-149.5570526123047,32.489505767822266,6.347756449809501e-14
1599726945598,-149.5570526123047,32.489505767822266,6.327758850281263e-14
1599726945600,-149.55706787109375,32.489501953125,6.237769652404193e-14
1599726945601,-149.55706787109375,32.489498138427734,6.197774453347718e-14
1599726945604,-149.5570831298828,32.48949432373047,6.167778054055361e-14
1599726945606,-149.54701232910156,32.478824615478516,6.7177120410819e-14
1599726945608,-149.54678344726562,32.47854995727539,6.607725243676593e-14
1599726945609,-149.55706787109375,32.48945999145508,5.947804459244745e-14
1599726945612,-149.5570526123047,32.48944091796875,5.667838065849416e-14
1599726945614,-149.55703735351562,32.489418029785156,5.497858469859395e-14
1599726945616,-149.5570068359375,32.48939514160156,5.3278788738693736e-14
1599726945617,-149.5449981689453,32.47676467895508,5.707833264905892e-14
1599726945619,-149.54525756835938,32.472557067871094,5.90780926018827e-14
1599726945622,-149.54486083984375,32.467689514160156,5.877812860895913e-14
1599726945624,-149.5441436767578,32.46224594116211,5.897810460424151e-14
1599726945626,-149.54371643066406,32.45762252807617,5.927806859716508e-14
1599726945627,-149.54335021972656,32.452850341796875,5.897810460424151e-14
1599726945629,-149.54244995117188,32.44290542602539,6.147780454527123e-14
1599726945632,-149.54208374023438,32.44116973876953,5.977800858537102e-14
1599726945634,-149.54043579101562,32.43540954589844,6.047792456885934e-14
1599726945635,-149.54110717773438,32.43171310424805,5.947804459244745e-14
1599726945637,-149.5399932861328,32.42820739746094,5.977800858537102e-14
1599726945640,-149.53945922851562,32.42417907714844,5.977800858537102e-14
1599726945642,-149.5400390625,32.422767639160156,5.967802058772983e-14
1599726945643,-149.5399932861328,32.41996765136719,5.857815261367675e-14
1599726945645,-149.53912353515625,32.417762756347656,5.857815261367675e-14
1599726945647,-149.5390625,32.415985107421875,5.767826063490605e-14
1599726945650,-149.54420471191406,32.41270446777344,4.9479244828328555e-14
1599726945650,-149.55697631835938,32.4893798828125,2.9848259251756777e-15
1599726945650,-149.4401092529297,32.334022521972656,2.084933946404977e-15
1599726945651,-149.5385284423828,32.41378402709961,5.687835665377654e-14
1599726945653,-149.54051208496094,32.4099235534668,5.307881274341136e-14
1599726945655,-149.54420471191406,32.4127082824707,5.197894476935828e-14
1599726945657,-149.5411834716797,32.41263961791992,5.3478764733976114e-14
1599726945659,-149.5400848388672,32.40959548950195,5.387871672454087e-14
1599726945661,-149.54420471191406,32.41270446777344,5.2378896759923035e-14
1599726945663,-149.54420471191406,32.41270065307617,5.397870472218206e-14
1599726945665,-149.54420471191406,32.412696838378906,5.387871672454087e-14
1599726945667,-149.54420471191406,32.41269302368164,5.407869271982325e-14
1599726945669,-149.54421997070312,32.41270065307617,5.5278548691517516e-14
1599726945671,-149.54132080078125,32.410526275634766,5.707833264905892e-14
1599726945673,-149.54421997070312,32.4127197265625,5.5278548691517516e-14
1599726945675,-149.5442352294922,32.4127311706543,5.5378536689158705e-14
1599726945677,-149.5442352294922,32.412742614746094,5.567850068208227e-14
1599726945679,-149.5442352294922,32.41274642944336,5.5378536689158705e-14
1599726945681,-149.54421997070312,32.41275405883789,5.467862070567038e-14
1599726945683,-149.54421997070312,32.41276168823242,5.387871672454087e-14
1599726945685,-149.54420471191406,32.41276550292969,5.3578752731617303e-14
1599726945687,-149.544189453125,32.41277313232422,5.2478884757564224e-14
1599726945689,-149.54420471191406,32.41278839111328,5.387871672454087e-14
1599726945691,-149.54420471191406,32.41280746459961,5.4378656712746815e-14
1599726945693,-149.54420471191406,32.41282653808594,5.367874072925849e-14
1599726945695,-149.54421997070312,32.412841796875,5.3278788738693736e-14
1599726945697,-149.54421997070312,32.41286087036133,5.2478884757564224e-14
1599726945699,-149.54421997070312,32.412837982177734,5.297882474577017e-14
1599726945701,-149.54421997070312,32.412811279296875,5.2578872755205413e-14
1599726945703,-149.54421997070312,32.412784576416016,5.2478884757564224e-14
1599726945705,-149.54421997070312,32.41276168823242,5.167898077643471e-14
1599726945707,-149.54421997070312,32.41273498535156,5.1379016783511146e-14
1599726945709,-149.5442352294922,32.41273498535156,5.1379016783511146e-14
1599726945711,-149.54425048828125,32.412742614746094,5.117904078822877e-14
1599726945713,-149.54428100585938,32.41274642944336,5.097906479294639e-14
1599726945715,-149.54429626464844,32.41275405883789,5.007917281417569e-14
1599726945717,-149.54432678222656,32.412757873535156,4.977920882125212e-14
1599726945719,-149.5443115234375,32.41276931762695,5.007917281417569e-14
1599726945721,-149.54429626464844,32.412784576416016,4.887931684248142e-14
1599726945723,-149.54428100585938,32.41279602050781,4.927926883304618e-14
1599726945725,-149.5442657470703,32.41280746459961,4.9479244828328555e-14
1599726945727,-149.54425048828125,32.41282272338867,4.8479364851916665e-14
1599726945729,-149.5442352294922,32.41281509399414,4.717952088258121e-14
1599726945731,-149.54421997070312,32.41280746459961,4.677956889201645e-14
1599726945733,-149.544189453125,32.41279602050781,4.697954488729883e-14
1599726945735,-149.54417419433594,32.412784576416016,4.577968891560456e-14
1599726945737,-149.54415893554688,32.412776947021484,4.527974892739862e-14
1599726945739,-149.54415893554688,32.41278839111328,4.387991696042197e-14
1599726945741,-149.54415893554688,32.41280746459961,4.327998897457484e-14
1599726945743,-149.54415893554688,32.41282653808594,4.2480084993445326e-14
1599726945745,-149.54415893554688,32.41284942626953,4.188015700759819e-14
1599726945747,-149.54415893554688,32.41286849975586,4.108025302646868e-14
1599726945749,-149.54417419433594,32.412879943847656,3.988039705477441e-14
1599726945751,-149.5436553955078,32.409751892089844,4.028034904533917e-14
1599726945753,-149.54336547851562,32.40794372558594,3.9480445064209657e-14
1599726945755,-149.5430145263672,32.40583038330078,3.8780529080721334e-14
1599726945757,-149.5424346923828,32.40232467651367,3.9480445064209657e-14
1599726945759,-149.54164123535156,32.39742660522461,4.028034904533917e-14
1599726945761,-149.54066467285156,32.391475677490234,4.018036104769798e-14
1599726945763,-149.53973388671875,32.38571548461914,4.038033704298036e-14
1599726945765,-149.53854370117188,32.37844467163086,4.0480325040621546e-14
1599726945767,-149.53738403320312,32.371395111083984,3.9680421059492035e-14
1599726945769,-149.5360107421875,32.36309814453125,3.9580433061850846e-14
1599726945771,-149.53515625,32.357940673828125,3.928046906892728e-14
1599726945773,-149.53431701660156,32.35298538208008,3.808061309723301e-14
1599726945775,-149.53343200683594,32.347686767578125,3.7780649104309444e-14
1599726945777,-149.5327606201172,32.3436279296875,3.72807091161035e-14
1599726945778,-149.53155517578125,32.33634948730469,3.518096116563853e-14
1599726945781,-149.5315704345703,32.336334228515625,3.518096116563853e-14
1599726945783,-149.53158569335938,32.3363151550293,3.528094916327972e-14
1599726945785,-149.53158569335938,32.336299896240234,3.518096116563853e-14
1599726945786,-149.53160095214844,32.336280822753906,3.508097316799734e-14
1599726945788,-149.53160095214844,32.33627700805664,3.4681021177432585e-14
1599726945791,-149.53158569335938,32.33628463745117,3.438105718450902e-14
1599726945793,-149.5373992919922,32.33642578125,3.698074512317993e-14
1599726945794,-149.53684997558594,32.33641815185547,3.628082913969161e-14
1599726945796,-149.53778076171875,32.33644485473633,3.518096116563853e-14
1599726945798,-149.53884887695312,32.33647155761719,3.4681021177432585e-14
1599726945801,-149.53765869140625,32.336448669433594,3.318120121281475e-14
1599726945803,-149.5412139892578,32.33653259277344,3.3781129198661885e-14
1599726945804,-149.5406036376953,32.33652114868164,3.2581273226967617e-14
1599726945806,-149.5428466796875,32.33657455444336,3.2581273226967617e-14
1599726945809,-149.54476928710938,32.33662033081055,3.338117720809713e-14
1599726945811,-149.54534912109375,32.33663558959961,3.308121321517356e-14
1599726945812,-149.54859924316406,32.33671569824219,3.308121321517356e-14
1599726945814,-149.55181884765625,32.3367919921875,3.298122521753237e-14
1599726945816,-149.55223083496094,32.3368034362793,3.248128522932643e-14
1599726945819,-149.5563201904297,32.33689498901367,3.348116520573832e-14
1599726945820,-149.56053161621094,32.33698654174805,3.318120121281475e-14
1599726945822,-149.56361389160156,32.33705520629883,3.3581153203379507e-14
1599726945824,-149.565673828125,32.33709716796875,3.408109319158545e-14
1599726945826,-149.5683135986328,32.33715057373047,3.2681261224608806e-14
1599726945828,-149.57290649414062,32.33726501464844,3.1781369245838105e-14
1599726945830,-149.57666015625,32.337371826171875,3.1781369245838105e-14
1599726945832,-149.57972717285156,32.337459564208984,3.028154928122027e-14
1599726945834,-149.58412170410156,32.337581634521484,2.9681621295373136e-14
1599726945836,-149.58676147460938,32.33766174316406,2.9881597290655514e-14
1599726945838,-149.59027099609375,32.33773422241211,3.038153727886146e-14
1599726945838,-149.5062713623047,32.183536529541016,1.584993958199032e-15
1599726945840,-149.59439086914062,32.337791442871094,3.028154928122027e-14
1599726945842,-149.59796142578125,32.33783721923828,2.8981705311884813e-14
1599726945844,-149.60072326660156,32.33786392211914,2.8881717314243624e-14
1599726945846,-149.6228790283203,32.338340759277344,2.2582473462848718e-14
1599726945846,-149.50621032714844,32.18338394165039,1.884957951122599e-15
1599726945846,-149.5314178466797,32.33620834350586,5.784489859128969e-15
1599726945848,-149.6065216064453,32.33795166015625,2.8681741318961246e-14
1599726945850,-149.5996551513672,32.3250732421875,3.198134524112048e-14
1599726945852,-149.61224365234375,32.33808898925781,2.8881717314243624e-14
1599726945854,-149.6156005859375,32.33815002441406,2.7781849340190546e-14
1599726945854,-149.5062713623047,32.1833610534668,1.684981955840221e-15
1599726945856,-149.5063018798828,32.183345794677734,2.384897939328544e-15
1599726945856,-149.6229705810547,32.33830261230469,2.5982065382649144e-14
1599726945858,-149.6229705810547,32.338294982910156,2.5682101389725577e-14
1599726945860,-149.61709594726562,32.3338623046875,2.8081813333114112e-14
1599726945862,-149.50628662109375,32.18333435058594,1.984945948763788e-15
1599726945862,-149.62295532226562,32.338294982910156,2.72819093519846e-14
1599726945864,-149.5062713623047,32.1833381652832,1.684981955840221e-15
1599726945864,-149.62294006347656,32.338294982910156,2.828178932839649e-14
1599726945866,-149.50625610351562,32.1833381652832,1.984945948763788e-15
1599726945866,-149.6229248046875,32.338294982910156,2.7781849340190546e-14
1599726945868,-149.62290954589844,32.33829879760742,2.858175332132006e-14
1599726945870,-149.62289428710938,32.33830642700195,2.848176532367887e-14
1599726945872,-149.50621032714844,32.18335723876953,1.684981955840221e-15
1599726945872,-149.6228790283203,32.338314056396484,2.8981705311884813e-14
1599726945874,-149.62286376953125,32.33832550048828,2.8981705311884813e-14
1599726945876,-149.6228485107422,32.33833694458008,2.8981705311884813e-14
1599726945878,-149.5061798095703,32.183380126953125,1.684981955840221e-15
1599726945878,-149.6228485107422,32.338340759277344,2.8881717314243624e-14
1599726945880,-149.62286376953125,32.33832931518555,2.858175332132006e-14
1599726945882,-149.6228790283203,32.338321685791016,2.828178932839649e-14
1599726945884,-149.5062255859375,32.18335723876953,1.884957951122599e-15
1599726945884,-149.62289428710938,32.338314056396484,2.738189734962579e-14
1599726945886,-149.62290954589844,32.33830642700195,2.6581993368496278e-14
1599726945886,-149.50624084472656,32.183349609375,1.78496995348141e-15
1599726945888,-149.62290954589844,32.33830642700195,2.7181921354343412e-14
1599726945890,-149.62289428710938,32.338314056396484,2.5982065382649144e-14
1599726945892,-149.50619506835938,32.18336486816406,1.584993958199032e-15
1599726945892,-149.62286376953125,32.33832550048828,2.5582113392084388e-14
1599726945894,-149.6228485107422,32.33833312988281,2.348236544161942e-14
1599726945896,-149.62179565429688,32.332149505615234,2.4882197408596065e-14
1599726945898,-149.62098693847656,32.327423095703125,2.428226942274893e-14
1599726945900,-149.61985778808594,32.320621490478516,2.3982305429825364e-14
1599726945902,-149.61874389648438,32.31398010253906,2.5082173403878443e-14
1599726945904,-149.6177520751953,32.30801010131836,2.5082173403878443e-14
1599726945906,-149.6162872314453,32.29914474487305,2.4682221413313687e-14
1599726945908,-149.61512756347656,32.29220199584961,2.538213739680201e-14
1599726945910,-149.6141815185547,32.28656768798828,2.6581993368496278e-14
1599726945912,-149.6132354736328,32.280818939208984,2.6781969363778656e-14
1599726945914,-149.61245727539062,32.27620315551758,2.7081933356702223e-14
1599726945916,-149.6119842529297,32.27338409423828,2.81818013307553e-14
1599726945918,-149.61123657226562,32.268863677978516,2.7981825335472923e-14
1599726945920,-149.61097717285156,32.26726150512695,2.7981825335472923e-14
1599726945922,-149.610107421875,32.261985778808594,2.7681861342549357e-14
1599726945924,-149.61012268066406,32.26199722290039,2.858175332132006e-14
1599726945926,-149.61013793945312,32.26200866699219,2.8881717314243624e-14
1599726945928,-149.61013793945312,32.26201629638672,2.918168130716719e-14
1599726945930,-149.6101531982422,32.26200866699219,2.9781609293014325e-14
1599726945932,-149.61016845703125,32.262001037597656,3.038153727886146e-14
1599726945934,-149.6101837158203,32.261993408203125,3.028154928122027e-14
1599726945936,-149.61019897460938,32.26198196411133,3.0781489269426215e-14
1599726945938,-149.61019897460938,32.26197814941406,3.008157328593789e-14
1599726945940,-149.61021423339844,32.26199722290039,3.0881477267067404e-14
1599726945942,-149.61021423339844,32.26201248168945,3.108145326234978e-14
1599726945944,-149.61021423339844,32.262027740478516,3.0681501271785026e-14
1599726945946,-149.61021423339844,32.26204299926758,2.958163329773195e-14
1599726945947,-149.61021423339844,32.26205062866211,2.8681741318961246e-14
1599726945950,-149.61019897460938,32.26202392578125,2.7681861342549357e-14
1599726945952,-149.6101837158203,32.26199722290039,2.72819093519846e-14
1599726945954,-149.61016845703125,32.26197052001953,2.528214939916082e-14
1599726945955,-149.61016845703125,32.26194381713867,2.5682101389725577e-14
1599726945957,-149.6101531982422,32.26192092895508,2.5782089387366766e-14
1599726945960,-149.61013793945312,32.261940002441406,2.5582113392084388e-14
1599726945962,-149.61012268066406,32.261959075927734,2.5682101389725577e-14
1599726945963,-149.61012268066406,32.2619743347168,2.54821253944432e-14
1599726945965,-149.610107421875,32.261993408203125,2.4882197408596065e-14
1599726945967,-149.610107421875,32.26201248168945,2.4882197408596065e-14
1599726945970,-149.61013793945312,32.26201248168945,2.4882197408596065e-14
1599726945972,-149.61016845703125,32.26201248168945,2.4682221413313687e-14
1599726945973,-149.61021423339844,32.26201248168945,2.5182161401519632e-14
1599726945975,-149.61024475097656,32.26201248168945,2.428226942274893e-14
1599726945978,-149.6102752685547,32.26201248168945,2.3782329434542986e-14
1599726945980,-149.6102752685547,32.262001037597656,2.3082413451054663e-14
1599726945981,-149.61026000976562,32.26198959350586,2.3882317432184175e-14
1599726945983,-149.61024475097656,32.2619743347168,2.4082293427466553e-14
1599726945985,-149.61024475097656,32.261962890625,2.4082293427466553e-14
1599726945988,-149.6102294921875,32.2619514465332,2.4082293427466553e-14
1599726945989,-149.6102294921875,32.261962890625,2.3882317432184175e-14
1599726945991,-149.61024475097656,32.2619743347168,2.328238944633704e-14
1599726945993,-149.61024475097656,32.261985778808594,2.3182401448695852e-14
1599726945995,-149.61024475097656,32.261993408203125,2.2882437455772285e-14
1599726945997,-149.61024475097656,32.26200485229492,2.1682581484078018e-14
1599726945999,-149.6102294921875,32.2619743347168,2.148260548879564e-14
1599726946001,-149.61019897460938,32.26194763183594,2.138261749115445e-14
1599726946003,-149.6101837158203,32.26191711425781,2.1182641495872073e-14
1599726946005,-149.61016845703125,32.26189041137695,2.0882677502948506e-14
1599726946007,-149.61013793945312,32.26185989379883,2.0982665500589695e-14
1599726946009,-149.6101531982422,32.261863708496094,2.0882677502948506e-14
1599726946011,-149.6101531982422,32.26186752319336,2.038273751474256e-14
1599726946013,-149.61016845703125,32.26186752319336,1.9982785524177805e-14
1599726946015,-149.61016845703125,32.261871337890625,2.0082773521818994e-14
1599726946017,-149.61016845703125,32.26187515258789,2.0082773521818994e-14
1599726946019,-149.6101837158203,32.26189422607422,2.0082773521818994e-14
1599726946021,-149.6101837158203,32.26191329956055,2.0082773521818994e-14
1599726946023,-149.6101837158203,32.261932373046875,1.9182881543048293e-14
1599726946025,-149.6101837158203,32.2619514465332,1.738309758550689e-14
1599726946027,-149.61019897460938,32.2619743347168,1.748308558314808e-14
1599726946029,-149.6101837158203,32.26195526123047,1.6783169599659757e-14
1599726946031,-149.6101837158203,32.26193618774414,1.6283229611453812e-14
1599726946033,-149.61016845703125,32.26191329956055,1.54833256303243e-14
1599726946035,-149.60804748535156,32.249107360839844,1.7183121590224513e-14
1599726946037,-149.6067352294922,32.24126434326172,1.7283109587865702e-14
1599726946039,-149.60630798339844,32.23872375488281,1.6083253616171435e-14
1599726946041,-149.60438537597656,32.227149963378906,1.6283229611453812e-14
1599726946043,-149.60308837890625,32.21929168701172,1.648320560673619e-14
1599726946045,-149.6015167236328,32.209861755371094,1.6983145594942135e-14
1599726946047,-149.59974670410156,32.19916534423828,1.6683181602018568e-14
1599726946049,-149.5974578857422,32.18544387817383,1.4783409646835978e-14
1599726946051,-149.5974578857422,32.18543243408203,1.6383217609095e-14
1599726946053,-149.59744262695312,32.185420989990234,1.6883157597300946e-14
1599726946055,-149.59744262695312,32.18540954589844,1.7083133592583324e-14
1599726946057,-149.59742736816406,32.18539810180664,1.6883157597300946e-14
1599726946059,-149.597412109375,32.185386657714844,1.6383217609095e-14
1599726946061,-149.59739685058594,32.18537521362305,1.6183241613812623e-14
1599726946063,-149.5973663330078,32.18536376953125,1.5283349635041923e-14
1599726946065,-149.59735107421875,32.18535232543945,1.5383337632683112e-14
1599726946067,-149.59732055664062,32.185340881347656,1.54833256303243e-14
1599726946069,-149.59732055664062,32.18534851074219,1.4983385642118356e-14
1599726946071,-149.5973358154297,32.185359954833984,1.4783409646835978e-14
1599726946073,-149.5973358154297,32.18537139892578,1.5083373639759545e-14
1599726946075,-149.5973358154297,32.185386657714844,1.448344565391241e-14
1599726946077,-149.59735107421875,32.18539810180664,1.4783409646835978e-14
1599726946079,-149.59735107421875,32.185394287109375,1.3783529670424088e-14
1599726946081,-149.5973663330078,32.18539047241211,1.3983505665706466e-14
1599726946083,-149.6099853515625,32.1856803894043,1.5983265618530246e-14
1599726946085,-149.60789489746094,32.18562316894531,1.4883397644477167e-14
1599726946087,-149.61106872558594,32.185691833496094,1.45834336515536e-14
1599726946089,-149.61268615722656,32.185726165771484,1.4783409646835978e-14
1599726946091,-149.61044311523438,32.1856689453125,1.468342164919479e-14
1599726946093,-149.61428833007812,32.18575668334961,1.448344565391241e-14
1599726946095,-149.61380004882812,32.18574142456055,1.3083613686935765e-14
1599726946097,-149.62303161621094,32.18595504760742,1.3683541672782899e-14
1599726946099,-149.6243133544922,32.185997009277344,1.2483685701088631e-14
1599726946101,-149.6260986328125,32.18606185913086,1.3683541672782899e-14
1599726946103,-149.62936401367188,32.186161041259766,1.2883637691653387e-14
1599726946105,-149.63002014160156,32.18619918823242,1.1983745712882686e-14
1599726946107,-149.63851928710938,32.18642044067383,1.1883757715241497e-14
1599726946109,-149.64385986328125,32.186546325683594,1.1783769717600308e-14
1599726946111,-149.64967346191406,32.18667221069336,1.0783889741188418e-14
1599726946113,-149.65524291992188,32.186790466308594,1.058391374590604e-14
1599726946115,-149.65977478027344,32.186885833740234,1.1183841731753174e-14
1599726946116,-149.66392517089844,32.186973571777344,1.068390174354723e-14
1599726946119,-149.68870544433594,32.18754959106445,8.184201802517505e-15
1599726946121,-149.68869018554688,32.187557220458984,7.984225807235127e-15
1599726946123,-149.6886749267578,32.187564849853516,8.784129788364639e-15
1599726946124,-149.68865966796875,32.18757247924805,9.68402176713534e-15
1599726946126,-149.6886444091797,32.18758010864258,9.184081778929395e-15
1599726946129,-149.68865966796875,32.187591552734375,9.784009764776529e-15
1599726946131,-149.6886749267578,32.18760299682617,9.68402176713534e-15
1599726946132,-149.6886749267578,32.18761444091797,9.883997762417718e-15
1599726946134,-149.68869018554688,32.18762969970703,9.484045771852962e-15
1599726946136,-149.68870544433594,32.18764114379883,1.0183961755341285e-14
1599726946139,-149.688720703125,32.18764877319336,1.0883877738829607e-14
1599726946140,-149.68870544433594,32.18765640258789,1.0383937750623662e-14
1599726946142,-149.68870544433594,32.18766403198242,1.0383937750623662e-14
1599726946144,-149.68870544433594,32.18767166137695,1.0283949752982473e-14
1599726946147,-149.68870544433594,32.187679290771484,1.0483925748264851e-14
1599726946149,-149.68869018554688,32.18768310546875,1.0783889741188418e-14
1599726946150,-149.68869018554688,32.187686920166016,9.983985760058907e-15
1599726946152,-149.6886749267578,32.18769073486328,9.784009764776529e-15
1599726946154,-149.68865966796875,32.18769836425781,9.484045771852962e-15
1599726946157,-149.68865966796875,32.18770217895508,9.58403376949415e-15
1599726946158,-149.68865966796875,32.187705993652344,9.184081778929395e-15
1599726946160,-149.68869018554688,32.18770980834961,8.884117786005828e-15
1599726946162,-149.68870544433594,32.187713623046875,7.584273816670371e-15
1599726946164,-149.68873596191406,32.18771743774414,7.68426181431156e-15
1599726946166,-149.6887664794922,32.18772506713867,7.384297821387993e-15
1599726946168,-149.6887664794922,32.18772506713867,6.484405842617292e-15
1599726946170,-149.6887664794922,32.18771743774414,6.184441849693725e-15
1599726946172,-149.68875122070312,32.187713623046875,5.784489859128969e-15
1599726946174,-149.68875122070312,32.18770980834961,5.384537868564213e-15
1599726946176,-149.68873596191406,32.18770217895508,3.9847059015875675e-15
1599726946178,-149.6814422607422,32.143890380859375,6.284429847334914e-15
1599726946180,-149.68121337890625,32.14240646362305,6.084453852052536e-15
1599726946182,-149.68032836914062,32.13698196411133,5.284549870923024e-15
1599726946184,-149.67608642578125,32.111446380615234,5.084573875640646e-15
1599726946186,-149.67611694335938,32.111454010009766,5.584513863846591e-15
1599726946188,-149.67611694335938,32.11145782470703,5.884477856770158e-15
1599726946190,-149.6761016845703,32.111454010009766,5.884477856770158e-15
1599726946192,-149.6760711669922,32.1114501953125,6.984345830823237e-15
1599726946194,-149.67605590820312,32.1114501953125,7.084333828464426e-15
1599726946196,-149.67604064941406,32.111446380615234,7.284309823746804e-15
1599726946198,-149.676025390625,32.111446380615234,8.184201802517505e-15
1599726946200,-149.676025390625,32.111446380615234,8.484165795441072e-15
1599726946202,-149.676025390625,32.1114501953125,8.784129788364639e-15
1599726946204,-149.676025390625,32.111454010009766,9.58403376949415e-15
1599726946206,-149.676025390625,32.11145782470703,9.883997762417718e-15
1599726946208,-149.676025390625,32.1114616394043,9.484045771852962e-15
1599726946210,-149.67605590820312,32.1114616394043,9.384057774211773e-15
1599726946212,-149.6760711669922,32.11146545410156,9.284069776570584e-15
1599726946214,-149.67608642578125,32.11146545410156,8.784129788364639e-15
1599726946216,-149.67611694335938,32.11146545410156,9.284069776570584e-15
1599726946218,-149.67611694335938,32.11146545410156,1.0083973757700096e-14
1599726946220,-149.6761016845703,32.1114616394043,9.484045771852962e-15
1599726946222,-149.67608642578125,32.11145782470703,9.58403376949415e-15
1599726946224,-149.6760711669922,32.111454010009766,9.384057774211773e-15
1599726946226,-149.67605590820312,32.1114501953125,9.68402176713534e-15
1599726946228,-149.67605590820312,32.11144256591797,9.883997762417718e-15
1599726946230,-149.67605590820312,32.11142349243164,9.983985760058907e-15
1599726946232,-149.67605590820312,32.11140441894531,9.384057774211773e-15
1599726946234,-149.67605590820312,32.11138153076172,8.984105783647017e-15
1599726946236,-149.67605590820312,32.11136245727539,9.084093781288206e-15
1599726946238,-149.67605590820312,32.111351013183594,9.58403376949415e-15
1599726946240,-149.67605590820312,32.111358642578125,1.0183961755341285e-14
1599726946242,-149.6760711669922,32.11137008666992,9.58403376949415e-15
1599726946244,-149.6760711669922,32.11137771606445,1.0083973757700096e-14
1599726946246,-149.6760711669922,32.111385345458984,1.058391374590604e-14
1599726946248,-149.6760711669922,32.11138916015625,1.0183961755341285e-14
1599726946250,-149.67605590820312,32.11137390136719,1.0883877738829607e-14
1599726946252,-149.676025390625,32.11136245727539,1.0483925748264851e-14
1599726946254,-149.67601013183594,32.11134719848633,1.0083973757700096e-14
1599726946256,-149.67599487304688,32.111331939697266,9.084093781288206e-15
1599726946258,-149.6759796142578,32.111328125,8.384177797799883e-15
1599726946260,-149.67599487304688,32.111358642578125,7.384297821387993e-15
1599726946262,-149.67601013183594,32.111385345458984,6.484405842617292e-15
1599726946264,-149.676025390625,32.11141586303711,7.084333828464426e-15
1599726946266,-149.67605590820312,32.11144256591797,6.68438183789967e-15
1599726946268,-149.67605590820312,32.11146926879883,6.184441849693725e-15
1599726946270,-149.67605590820312,32.11146545410156,6.284429847334914e-15
1599726946272,-149.67604064941406,32.11146545410156,5.384537868564213e-15
1599726946274,-149.67604064941406,32.11146545410156,5.584513863846591e-15
1599726946276,-149.676025390625,32.1114616394043,5.184561873281835e-15
1599726946278,-149.676025390625,32.11145782470703,5.184561873281835e-15
1599726946280,-149.676025390625,32.11144256591797,4.0846938992287565e-15
1599726946282,-149.676025390625,32.111427307128906,4.5846338874347014e-15
1599726946284,-149.676025390625,32.111412048339844,4.0846938992287565e-15
1599726946285,-149.676025390625,32.11139678955078,3.9847059015875675e-15
1599726946288,-149.67604064941406,32.11138916015625,3.9847059015875675e-15
1599726946290,-149.67604064941406,32.111427307128906,3.2847899180992447e-15
1599726946292,-149.67604064941406,32.11146545410156,3.2847899180992447e-15
1599726946293,-149.67605590820312,32.11150360107422,2.9848259251756777e-15
1599726946295,-149.67605590820312,32.111541748046875,3.3847779157404337e-15
1599726946298,-149.6760711669922,32.111572265625,2.9848259251756777e-15
1599726946300,-149.67605590820312,32.11153793334961,3.2847899180992447e-15
1599726946301,-149.676025390625,32.11150360107422,2.6848619322521108e-15
1599726946303,-149.67601013183594,32.11146926879883,2.384897939328544e-15
1599726946319,-149.663330078125,32.035343170166016,1.984945948763788e-15
1599726946323,-149.6634063720703,32.03537368774414,2.8848379275344887e-15
1599726946326,-149.6634521484375,32.0353889465332,3.1848019204580557e-15
1599726946327,-149.66348266601562,32.035404205322266,2.7848499298932998e-15
1599726946329,-149.66348266601562,32.035369873046875,3.0848139228168667e-15
1599726946331,-149.66346740722656,32.035335540771484,2.6848619322521108e-15
1599726946334,-149.6634521484375,32.035301208496094,2.084933946404977e-15
1599726946335,-149.66343688964844,32.0352668762207,2.8848379275344887e-15
1599726946337,-149.66343688964844,32.03523254394531,2.284909941687355e-15
1599726946339,-149.66343688964844,32.035247802734375,2.7848499298932998e-15
1599726946341,-149.6634521484375,32.0352668762207,2.9848259251756777e-15
1599726946345,-149.66346740722656,32.035301208496094,2.384897939328544e-15
1599726946349,-149.6634521484375,32.035308837890625,2.084933946404977e-15
1599726946351,-149.66343688964844,32.03529739379883,1.884957951122599e-15
1599726946355,-149.66339111328125,32.035274505615234,2.384897939328544e-15
1599726946359,-149.66334533691406,32.0352668762207,1.78496995348141e-15
1599726946361,-149.663330078125,32.035274505615234,2.5848739346109218e-15
1599726946363,-149.66331481933594,32.03528594970703,1.884957951122599e-15
1599726946417,-149.7545623779297,32.0374755859375,2.084933946404977e-15
1599726946425,-149.75453186035156,32.03750991821289,1.984945948763788e-15
1599726946461,-149.74188232421875,31.961360931396484,2.384897939328544e-15
1599726946462,-149.7418975830078,31.961362838745117,2.5848739346109218e-15
1599726946465,-149.74191284179688,31.961362838745117,3.0848139228168667e-15
1599726946467,-149.74192810058594,31.961362838745117,2.7848499298932998e-15
1599726946469,-149.741943359375,31.961368560791016,3.4847659133816226e-15
1599726946470,-149.74192810058594,31.961374282836914,3.4847659133816226e-15
1599726946472,-149.74192810058594,31.961381912231445,3.0848139228168667e-15
1599726946475,-149.74192810058594,31.961389541625977,3.8847179039463786e-15
1599726946477,-149.74191284179688,31.961395263671875,2.8848379275344887e-15
1599726946478,-149.74191284179688,31.96139144897461,3.1848019204580557e-15
1599726946480,-149.74188232421875,31.961380004882812,3.4847659133816226e-15
1599726946482,-149.7418670654297,31.961368560791016,3.6847419086640006e-15
1599726946485,-149.74185180664062,31.96135711669922,3.7847299063051896e-15
1599726946486,-149.7418212890625,31.961345672607422,4.4846458897935125e-15
1599726946488,-149.7418212890625,31.961347579956055,4.4846458897935125e-15
1599726946490,-149.74183654785156,31.96135902404785,4.3846578921523235e-15
1599726946492,-149.74183654785156,31.96137237548828,4.7846098827170794e-15
1599726946495,-149.74185180664062,31.96138572692871,4.5846338874347014e-15
1599726946496,-149.74185180664062,31.961397171020508,4.8845978803582684e-15
1599726946498,-149.74185180664062,31.961410522460938,5.184561873281835e-15
1599726946500,-149.7418212890625,31.96142578125,4.2846698945111345e-15
1599726946503,-149.74180603027344,31.96143913269043,4.4846458897935125e-15
1599726946504,-149.7417755126953,31.96145248413086,4.1846818968699455e-15
1599726946506,-149.74176025390625,31.961467742919922,4.984585877999457e-15
1599726946508,-149.7417449951172,31.961467742919922,4.6846218850758904e-15
1599726946510,-149.74176025390625,31.961456298828125,4.2846698945111345e-15
1599726946512,-149.74176025390625,31.961442947387695,3.8847179039463786e-15
1599726946514,-149.74176025390625,31.961429595947266,3.584753911022812e-15
1599726946516,-149.7417755126953,31.961416244506836,3.1848019204580557e-15
1599726946518,-149.74179077148438,31.961408615112305,2.9848259251756777e-15
1599726946520,-149.74180603027344,31.96140480041504,3.6847419086640006e-15
1599726946522,-149.7418212890625,31.961402893066406,4.1846818968699455e-15
1599726946524,-149.74183654785156,31.96139907836914,5.184561873281835e-15
1599726946526,-149.74185180664062,31.961395263671875,5.284549870923024e-15
1599726946528,-149.7418670654297,31.961395263671875,5.984465854411347e-15
1599726946530,-149.7418975830078,31.961397171020508,6.484405842617292e-15
1599726946532,-149.74191284179688,31.96139907836914,6.484405842617292e-15
1599726946534,-149.74192810058594,31.961400985717773,6.884357833182048e-15
1599726946536,-149.741943359375,31.96140480041504,6.384417844976103e-15
1599726946538,-149.741943359375,31.96141242980957,5.284549870923024e-15
1599726946540,-149.74191284179688,31.961429595947266,5.784489859128969e-15
1599726946542,-149.74188232421875,31.961444854736328,5.784489859128969e-15
1599726946544,-149.74185180664062,31.961462020874023,5.584513863846591e-15
1599726946546,-149.74183654785156,31.96147918701172,6.084453852052536e-15
1599726946548,-149.7418212890625,31.96148681640625,6.68438183789967e-15
1599726946550,-149.7418212890625,31.961475372314453,6.884357833182048e-15
1599726946552,-149.74183654785156,31.961463928222656,7.68426181431156e-15
1599726946554,-149.74185180664062,31.961454391479492,8.084213804876316e-15
1599726946556,-149.74185180664062,31.961442947387695,7.084333828464426e-15
1599726946558,-149.7418670654297,31.961437225341797,6.68438183789967e-15
1599726946560,-149.7418670654297,31.961442947387695,5.784489859128969e-15
1599726946562,-149.7418670654297,31.961450576782227,5.484525866205402e-15
1599726946564,-149.74188232421875,31.961456298828125,7.084333828464426e-15
1599726946566,-149.74188232421875,31.961463928222656,6.184441849693725e-15
1599726946568,-149.74188232421875,31.96146583557129,7.584273816670371e-15
1599726946570,-149.7418670654297,31.961454391479492,7.68426181431156e-15
1599726946572,-149.74185180664062,31.961444854736328,9.484045771852962e-15
1599726946574,-149.74183654785156,31.96143341064453,8.68414179072345e-15
1599726946576,-149.7418212890625,31.961423873901367,9.883997762417718e-15
1599726946578,-149.74180603027344,31.961416244506836,9.784009764776529e-15
1599726946580,-149.74180603027344,31.96141815185547,9.284069776570584e-15
1599726946582,-149.74179077148438,31.9614200592041,9.58403376949415e-15
1599726946584,-149.7417755126953,31.961423873901367,8.384177797799883e-15
1599726946586,-149.74176025390625,31.96142578125,7.784249811952749e-15
1599726946588,-149.74176025390625,31.96142578125,6.68438183789967e-15
1599726946590,-149.74176025390625,31.961421966552734,6.584393840258481e-15
1599726946592,-149.73692321777344,31.932239532470703,7.484285819029182e-15
1599726946594,-149.7356414794922,31.924518585205078,6.284429847334914e-15
1599726946596,-149.7291717529297,31.885427474975586,3.7847299063051896e-15
1599726946598,-149.7291717529297,31.88542366027832,5.084573875640646e-15
1599726946600,-149.7291717529297,31.88542938232422,5.084573875640646e-15
1599726946602,-149.7291717529297,31.88543701171875,6.284429847334914e-15
1599726946604,-149.7291717529297,31.88544273376465,7.184321826105615e-15
1599726946606,-149.7291717529297,31.885448455810547,6.284429847334914e-15
1599726946608,-149.72918701171875,31.885456085205078,7.384297821387993e-15
1599726946610,-149.72918701171875,31.885478973388672,7.584273816670371e-15
1599726946612,-149.72918701171875,31.885499954223633,7.084333828464426e-15
1599726946614,-149.72918701171875,31.885520935058594,7.584273816670371e-15
1599726946616,-149.72918701171875,31.885541915893555,7.68426181431156e-15
1599726946618,-149.7292022705078,31.885562896728516,8.384177797799883e-15
1599726946620,-149.7292022705078,31.885574340820312,7.984225807235127e-15
1599726946622,-149.72921752929688,31.885587692260742,7.984225807235127e-15
1599726946623,-149.72923278808594,31.88559913635254,8.284189800158694e-15
1599726946626,-149.729248046875,31.885610580444336,9.184081778929395e-15
1599726946628,-149.729248046875,31.8856201171875,9.784009764776529e-15
1599726946630,-149.72926330566406,31.88561248779297,1.0383937750623662e-14
1599726946631,-149.72927856445312,31.885604858398438,1.058391374590604e-14
1599726946634,-149.7292938232422,31.885595321655273,1.0083973757700096e-14
1599726946636,-149.72930908203125,31.885587692260742,1.058391374590604e-14
1599726946638,-149.72930908203125,31.885581970214844,1.0183961755341285e-14
1599726946639,-149.72930908203125,31.885597229003906,1.0383937750623662e-14
1599726946641,-149.7293243408203,31.88561248779297,9.883997762417718e-15
1599726946644,-149.7293243408203,31.88562774658203,8.184201802517505e-15
1599726946646,-149.7293243408203,31.885644912719727,7.68426181431156e-15
1599726946647,-149.7293243408203,31.885658264160156,6.784369835540859e-15
1599726946649,-149.72930908203125,31.885629653930664,7.68426181431156e-15
1599726946651,-149.7292938232422,31.885602951049805,7.184321826105615e-15
1599726946654,-149.72927856445312,31.885576248168945,6.184441849693725e-15
1599726946655,-149.72927856445312,31.885547637939453,5.784489859128969e-15
1599726946657,-149.72926330566406,31.885520935058594,4.984585877999457e-15
1599726946659,-149.729248046875,31.885540008544922,4.5846338874347014e-15
1599726946661,-149.75587463378906,31.88618278503418,5.984465854411347e-15
1599726946663,-149.72923278808594,31.885578155517578,3.4847659133816226e-15
1599726946665,-149.72921752929688,31.885595321655273,2.8848379275344887e-15
1599726946667,-149.7292022705078,31.8856143951416,2.084933946404977e-15
1599726946697,-149.82040405273438,31.88773536682129,2.084933946404977e-15
1599726946699,-149.82037353515625,31.887712478637695,2.7848499298932998e-15
1599726946701,-149.8203582763672,31.887683868408203,2.8848379275344887e-15
1599726946703,-149.82034301757812,31.88765525817871,2.384897939328544e-15
1599726946705,-149.8203125,31.88762664794922,2.9848259251756777e-15
1599726946707,-149.82029724121094,31.887598037719727,4.1846818968699455e-15
1599726946709,-149.82029724121094,31.887596130371094,3.4847659133816226e-15
1599726946711,-149.82029724121094,31.887598037719727,3.8847179039463786e-15
1599726946713,-149.8203125,31.887601852416992,3.3847779157404337e-15
1599726946715,-149.8203125,31.887603759765625,3.3847779157404337e-15
1599726946717,-149.82032775878906,31.88760757446289,2.8848379275344887e-15
1599726946719,-149.82032775878906,31.887624740600586,2.6848619322521108e-15
1599726946721,-149.82032775878906,31.887643814086914,2.384897939328544e-15
1599726946878,-149.79501342773438,31.735877990722656,2.184921944046166e-15
1599726946898,-149.7950439453125,31.735929489135742,2.284909941687355e-15
1599726946902,-149.7950439453125,31.735931396484375,1.984945948763788e-15
1599726946904,-149.79505920410156,31.735931396484375,1.884957951122599e-15
1599726946912,-149.79501342773438,31.735933303833008,2.084933946404977e-15
1599726946914,-149.7949981689453,31.73593521118164,2.084933946404977e-15
1599726946916,-149.79498291015625,31.735937118530273,2.484885936969733e-15
1599726946918,-149.7949676513672,31.735939025878906,2.184921944046166e-15
1599726946920,-149.79495239257812,31.735944747924805,2.084933946404977e-15
1599726946922,-149.79493713378906,31.735950469970703,2.8848379275344887e-15
1599726946924,-149.79493713378906,31.7359561920166,3.1848019204580557e-15
1599726946926,-149.794921875,31.7359619140625,2.7848499298932998e-15
1599726946928,-149.794921875,31.73596954345703,3.0848139228168667e-15
1599726946930,-149.79493713378906,31.73598289489746,2.184921944046166e-15
1599726946932,-149.7949676513672,31.73599624633789,1.884957951122599e-15
1599726946934,-149.7949981689453,31.736007690429688,2.5848739346109218e-15
1599726947162,-149.8607177734375,31.58666229248047,2.7848499298932998e-15
1599726947164,-149.8607177734375,31.58666229248047,1.684981955840221e-15
1599726947169,-149.86073303222656,31.586673736572266,1.984945948763788e-15
1599726947170,-149.8607177734375,31.586688995361328,2.384897939328544e-15
1599726947172,-149.8607177734375,31.586706161499023,1.684981955840221e-15
1599726947174,-149.86070251464844,31.58672332763672,2.8848379275344887e-15
1599726947176,-149.86068725585938,31.586740493774414,2.284909941687355e-15
1599726947178,-149.86068725585938,31.58675193786621,3.1848019204580557e-15
1599726947180,-149.86068725585938,31.58675765991211,3.4847659133816226e-15
1599726947182,-149.86068725585938,31.586763381958008,4.1846818968699455e-15
1599726947184,-149.86068725585938,31.586767196655273,4.0846938992287565e-15
1599726947186,-149.86068725585938,31.586772918701172,5.184561873281835e-15
1599726947188,-149.8606719970703,31.586776733398438,4.6846218850758904e-15
1599726947190,-149.8606719970703,31.586776733398438,5.184561873281835e-15
1599726947192,-149.8606719970703,31.586776733398438,5.484525866205402e-15
1599726947194,-149.86065673828125,31.586776733398438,5.184561873281835e-15
1599726947196,-149.86065673828125,31.586776733398438,4.7846098827170794e-15
1599726947198,-149.86065673828125,31.586776733398438,4.984585877999457e-15
1599726947200,-149.86068725585938,31.586776733398438,5.68450186148778e-15
1599726947202,-149.8607177734375,31.58677864074707,5.68450186148778e-15
1599726947204,-149.86073303222656,31.58677864074707,6.284429847334914e-15
1599726947206,-149.8607635498047,31.58677864074707,6.284429847334914e-15
1599726947208,-149.86077880859375,31.58677864074707,6.584393840258481e-15
1599726947210,-149.86077880859375,31.586776733398438,6.584393840258481e-15
1599726947212,-149.86077880859375,31.586774826049805,6.784369835540859e-15
1599726947214,-149.86077880859375,31.58677101135254,7.384297821387993e-15
1599726947216,-149.8607635498047,31.586769104003906,8.184201802517505e-15
1599726947218,-149.8607635498047,31.586759567260742,7.584273816670371e-15
1599726947220,-149.8607635498047,31.58673858642578,7.68426181431156e-15
1599726947222,-149.86074829101562,31.586715698242188,7.184321826105615e-15
1599726947224,-149.86074829101562,31.586692810058594,6.784369835540859e-15
1599726947226,-149.86073303222656,31.586669921875,6.384417844976103e-15
1599726947228,-149.86073303222656,31.586660385131836,6.884357833182048e-15
1599726947230,-149.86070251464844,31.5866756439209,6.784369835540859e-15
1599726947232,-149.87738037109375,31.587081909179688,8.58415379308226e-15
1599726947234,-149.87904357910156,31.58713722229004,7.984225807235127e-15
1599726947236,-149.88150024414062,31.587209701538086,8.984105783647017e-15
1599726947238,-149.8911895751953,31.587448120117188,9.983985760058907e-15
1599726947240,-149.88812255859375,31.587369918823242,9.284069776570584e-15
1599726947242,-149.89111328125,31.587434768676758,8.784129788364639e-15
1599726947244,-149.89886474609375,31.58761215209961,6.784369835540859e-15
1599726947246,-149.90406799316406,31.58772850036621,7.584273816670371e-15
1599726947248,-149.90960693359375,31.587860107421875,7.484285819029182e-15
1599726947250,-149.91278076171875,31.58795738220215,5.084573875640646e-15
1599726947252,-149.95147705078125,31.588886260986328,3.1848019204580557e-15
1599726947254,-149.9514923095703,31.588909149169922,3.4847659133816226e-15
1599726947256,-149.95150756835938,31.588932037353516,2.9848259251756777e-15
1599726947258,-149.95150756835938,31.588947296142578,3.1848019204580557e-15
1599726947260,-149.9514923095703,31.588930130004883,1.884957951122599e-15